醫事機構代碼,醫事機構名稱,醫事機構種類 ,電話,地 址 ,分區業務組,特約類別,服務項目 ,診療科別 ,終止合約或歇業日期 ,固定看診時段 ,備註
0117030010,衛生福利部臺中醫院,綜合醫院,04 -22294411,台中市西區三民路一段199號,中區業務組,區域醫院,"復健－物理治療業務,復健－職能治療業務,住院安寧療護,復健－聽力檢查業務,復健－語言治療業務,門診診療,住院診療,血液透析,兒童預防保健,成人預防保健,婦女子宮頸抹片檢查,孕婦產檢,分娩,精神病患者居家照護,兒童牙齒預防保健,婦女乳房檢查,腹膜透析業務,口腔黏膜檢查,定量免疫法糞便潛血檢查","不分科,家醫科,內科,外科,兒科,婦產科,骨科,神經外科,泌尿科,耳鼻喉科,眼科,皮膚科,神經科,精神科,復健科,整形外科,職業醫學科,急診醫學科,牙科,中醫科,麻醉科,核子醫學科,放射腫瘤科,放射診斷科,解剖病理科",,星期一上午看診、星期二上午看診、星期三上午看診、星期四上午看診、星期五上午看診、星期六上午看診、星期日上午休診、星期一下午看診、星期二下午看診、星期三下午看診、星期四下午看診、星期五下午看診、星期六下午休診、星期日下午休診、星期一晚上看診、星期二晚上看診、星期三晚上看診、星期四晚上看診、星期五晚上看診、星期六晚上休診、星期日晚上休診,星期一至星期日提供24小時急診服務
0121050011,衛生福利部臺南醫院,綜合醫院,06 -2200055,台南市中區中山路125號,南區業務組,區域醫院,"復健－物理治療業務,復健－職能治療業務,住院安寧療護,安寧居家療護(甲類),復健－語言治療業務,門診診療,住院診療,血液透析,兒童預防保健,成人預防保健,婦女子宮頸抹片檢查,孕婦產檢,分娩,精神病患者居家照護,兒童牙齒預防保健,婦女乳房檢查,精神科日間住院治療,腹膜透析業務,口腔黏膜檢查,定量免疫法糞便潛血檢查","家醫科,內科,外科,兒科,婦產科,骨科,神經外科,泌尿科,耳鼻喉科,神經科,精神科,復健科,整形外科,職業醫學科,急診醫學科,牙科,口腔顎面外科,中醫科,麻醉科,放射線科,病理科",,星期一上午看診、星期二上午看診、星期三上午看診、星期四上午看診、星期五上午看診、星期六上午看診、星期日上午休診、星期一下午看診、星期二下午看診、星期三下午看診、星期四下午看診、星期五下午看診、星期六下午休診、星期日下午休診、星期一晚上看診、星期二晚上看診、星期三晚上看診、星期四晚上看診、星期五晚上看診、星期六晚上休診、星期日晚上休診,
0131020016,新北市立聯合醫院,綜合醫院,02 -29829111,新北市三重區新北大道1段3號、3之1號、板橋區英士路198號,臺北業務組,區域醫院,"復健－物理治療業務,復健－職能治療業務,復健－語言治療業務,門診診療,住院診療,血液透析,兒童預防保健,成人預防保健,婦女子宮頸抹片檢查,孕婦產檢,分娩,兒童牙齒預防保健,婦女乳房檢查,精神科日間住院治療,腹膜透析業務,結核病,口腔黏膜檢查,定量免疫法糞便潛血檢查","家醫科,內科,外科,兒科,婦產科,骨科,神經外科,泌尿科,耳鼻喉科,眼科,皮膚科,神經科,精神科,復健科,急診醫學科,牙科,中醫科,麻醉科,病理科,核子醫學科,放射診斷科,解剖病理科",,星期一上午看診、星期二上午看診、星期三上午看診、星期四上午看診、星期五上午看診、星期六上午看診、星期日上午休診、星期一下午看診、星期二下午看診、星期三下午看診、星期四下午看診、星期五下午看診、星期六下午休診、星期日下午休診、星期一晚上看診、星期二晚上休診、星期三晚上看診、星期四晚上看診、星期五晚上休診、星期六晚上休診、星期日晚上休診,三重院區星期一、三、四有夜診，板橋院區無夜診，急診24小時看診
0131060029,衛生福利部臺北醫院,綜合醫院,02 -22765566,新北市新莊區思源路127號,臺北業務組,區域醫院,"復健－物理治療業務,復健－職能治療業務,復健－語言治療業務,門診診療,住院診療,血液透析,兒童預防保健,成人預防保健,婦女子宮頸抹片檢查,孕婦產檢,分娩,精神病患者居家照護,義肢業務,兒童牙齒預防保健,精神科日間住院治療,結核病,口腔黏膜檢查,定量免疫法糞便潛血檢查","不分科,家醫科,內科,外科,兒科,婦產科,骨科,神經外科,泌尿科,耳鼻喉科,眼科,皮膚科,神經科,精神科,復健科,整形外科,急診醫學科,牙科,中醫科,麻醉科,放射診斷科,解剖病理科",,星期一上午看診、星期二上午看診、星期三上午看診、星期四上午看診、星期五上午看診、星期六上午看診、星期日上午休診、星期一下午看診、星期二下午看診、星期三下午看診、星期四下午看診、星期五下午看診、星期六下午休診、星期日下午休診、星期一晚上看診、星期二晚上看診、星期三晚上看診、星期四晚上看診、星期五晚上看診、星期六晚上休診、星期日晚上休診,全年全天24小時提供急診服務
0131230012,衛生福利部八里療養院,精神科醫院,02 -26101660,新北市八里區華富山33號、土城區青雲路6號1、2樓、蘆洲區,臺北業務組,區域醫院,"門診診療,住院診療,精神病患者居家照護,精神科日間住院治療",精神科,,星期一上午看診、星期二上午看診、星期三上午看診、星期四上午看診、星期五上午看診、星期六上午休診、星期日上午休診、星期一下午看診、星期二下午看診、星期三下午看診、星期四下午看診、星期五下午休診、星期六下午休診、星期日下午休診、星期一晚上休診、星期二晚上休診、星期三晚上休診、星期四晚上休診、星期五晚上休診、星期六晚上休診、星期日晚上休診,"106年5月27日至30日端午連續假期門診停診, 提供24小時急診服務"
0132010014,衛生福利部桃園醫院,綜合醫院,03 -3699721,桃園市桃園區中山路1492號,北區業務組,區域醫院,"復健－物理治療業務,復健－職能治療業務,住院安寧療護,復健－聽力檢查業務,復健－語言治療業務,門診診療,住院診療,血液透析,兒童預防保健,成人預防保健,婦女子宮頸抹片檢查,孕婦產檢,分娩,兒童牙齒預防保健,婦女乳房檢查,腹膜透析業務,口腔黏膜檢查,定量免疫法糞便潛血檢查","不分科,家醫科,內科,外科,兒科,婦產科,骨科,神經外科,泌尿科,耳鼻喉科,眼科,皮膚科,神經科,精神科,復健科,整形外科,職業醫學科,急診醫學科,牙科,齒顎矯正科,口腔顎面外科,中醫科,麻醉科,核子醫學科,放射腫瘤科,放射診斷科,解剖病理科,臨床病理科",,星期一上午看診、星期二上午看診、星期三上午看診、星期四上午看診、星期五上午看診、星期六上午看診、星期日上午休診、星期一下午看診、星期二下午看診、星期三下午看診、星期四下午看診、星期五下午看診、星期六下午休診、星期日下午休診、星期一晚上看診、星期二晚上看診、星期三晚上看診、星期四晚上看診、星期五晚上看診、星期六晚上休診、星期日晚上休診,"國定假日期間(含農曆春節)門診除週日全日停診外,其他皆開上午內外婦兒各一診"
0132010023,衛生福利部桃園療養院,精神科醫院,03 -3698553,桃園市桃園區龍壽街71號,北區業務組,區域醫院,"門診診療,住院診療,精神病患者居家照護,兒童牙齒預防保健,精神科日間住院治療","神經科,精神科",,星期一上午看診、星期二上午看診、星期三上午看診、星期四上午看診、星期五上午看診、星期六上午看診、星期日上午休診、星期一下午看診、星期二下午看診、星期三下午看診、星期四下午看診、星期五下午看診、星期六下午休診、星期日下午休診、星期一晚上休診、星期二晚上看診、星期三晚上休診、星期四晚上休診、星期五晚上休診、星期六晚上休診、星期日晚上休診,急診24小時
0135010016,衛生福利部苗栗醫院,綜合醫院,037-261920,苗栗縣苗栗市為公路747號,北區業務組,區域醫院,"復健－物理治療業務,復健－職能治療業務,復健－語言治療業務,門診診療,住院診療,血液透析,兒童預防保健,成人預防保健,婦女子宮頸抹片檢查,孕婦產檢,分娩,精神病患者居家照護,兒童牙齒預防保健,婦女乳房檢查,腹膜透析業務,口腔黏膜檢查,定量免疫法糞便潛血檢查","家醫科,內科,外科,兒科,婦產科,骨科,神經外科,泌尿科,耳鼻喉科,眼科,神經科,精神科,復健科,整形外科,職業醫學科,急診醫學科,牙科,中醫科,麻醉科,放射診斷科,解剖病理科",,星期一上午看診、星期二上午看診、星期三上午看診、星期四上午看診、星期五上午看診、星期六上午看診、星期日上午休診、星期一下午看診、星期二下午看診、星期三下午看診、星期四下午看診、星期五下午看診、星期六下午休診、星期日下午休診、星期一晚上看診、星期二晚上看診、星期三晚上看診、星期四晚上看診、星期五晚上看診、星期六晚上休診、星期日晚上休診,急診24小時皆有服務
0136010010,衛生福利部豐原醫院,綜合醫院,04 -25271180,台中市豐原區安康路100號,中區業務組,區域醫院,"復健－物理治療業務,復健－職能治療業務,住院安寧療護,復健－語言治療業務,門診診療,住院診療,血液透析,兒童預防保健,成人預防保健,婦女子宮頸抹片檢查,孕婦產檢,分娩,精神病患者居家照護,兒童牙齒預防保健,婦女乳房檢查,腹膜透析業務,口腔黏膜檢查,定量免疫法糞便潛血檢查","不分科,家醫科,內科,外科,兒科,婦產科,骨科,神經外科,泌尿科,眼科,皮膚科,神經科,精神科,復健科,急診醫學科,牙科,中醫科,麻醉科,放射線科,病理科,核子醫學科",,星期一上午看診、星期二上午看診、星期三上午看診、星期四上午看診、星期五上午看診、星期六上午看診、星期日上午休診、星期一下午看診、星期二下午看診、星期三下午看診、星期四下午看診、星期五下午看診、星期六下午休診、星期日下午休診、星期一晚上看診、星期二晚上看診、星期三晚上看診、星期四晚上看診、星期五晚上看診、星期六晚上休診、星期日晚上休診,提供急診服務
0137170515,衛生福利部彰化醫院,醫院,04 -8298686,彰化縣埔心鄉舊館村中正路二段80號,中區業務組,區域醫院,"復健－物理治療業務,復健－職能治療業務,住院安寧療護,復健－語言治療業務,門診診療,住院診療,血液透析,兒童預防保健,成人預防保健,婦女子宮頸抹片檢查,孕婦產檢,分娩,精神病患者居家照護,義肢業務,兒童牙齒預防保健,婦女乳房檢查,精神科日間住院治療,腹膜透析業務,口腔黏膜檢查,定量免疫法糞便潛血檢查","家醫科,內科,外科,兒科,婦產科,骨科,神經外科,泌尿科,耳鼻喉科,眼科,皮膚科,神經科,精神科,復健科,整形外科,急診醫學科,牙科,中醫科,麻醉科,放射線科",,星期一上午看診、星期二上午看診、星期三上午看診、星期四上午看診、星期五上午看診、星期六上午看診、星期日上午休診、星期一下午看診、星期二下午看診、星期三下午看診、星期四下午看診、星期五下午看診、星期六下午休診、星期日下午休診、星期一晚上看診、星期二晚上看診、星期三晚上看診、星期四晚上看診、星期五晚上看診、星期六晚上休診、星期日晚上休診,星期一至星期日提供24小時急診服務
0138030010,衛生福利部草屯療養院,精神科醫院,049-2550800,南投縣草屯鎮玉屏路161號,中區業務組,區域醫院,"門診診療,住院診療,精神病患者居家照護",精神科,,星期一上午看診、星期二上午看診、星期三上午看診、星期四上午看診、星期五上午看診、星期六上午看診、星期日上午休診、星期一下午看診、星期二下午看診、星期三下午看診、星期四下午看診、星期五下午看診、星期六下午休診、星期日下午休診、星期一晚上看診、星期二晚上休診、星期三晚上看診、星期四晚上休診、星期五晚上休診、星期六晚上休診、星期日晚上休診,"急診服務皆24小時提供,一三晚上為社區門診"
0141270028,衛生福利部嘉南療養院,精神科醫院,06 -2795019,臺南市仁德區裕忠路539號,南區業務組,區域醫院,"復健－物理治療業務,門診診療,住院診療,成人預防保健,婦女子宮頸抹片檢查,精神病患者居家照護,精神科日間住院治療,口腔黏膜檢查,定量免疫法糞便潛血檢查","神經科,精神科,中醫科",,星期一上午看診、星期二上午看診、星期三上午看診、星期四上午看診、星期五上午看診、星期六上午看診、星期日上午休診、星期一下午看診、星期二下午看診、星期三下午看診、星期四下午看診、星期五下午看診、星期六下午休診、星期日下午休診、星期一晚上休診、星期二晚上休診、星期三晚上休診、星期四晚上休診、星期五晚上休診、星期六晚上休診、星期日晚上休診,提供24小時急診服務
0143010011,衛生福利部屏東醫院,綜合醫院,08 -7363011,屏東縣屏東市自由路270號,高屏業務組,區域醫院,"復健－物理治療業務,復健－職能治療業務,住院安寧療護,復健－語言治療業務,門診診療,住院診療,血液透析,兒童預防保健,成人預防保健,婦女子宮頸抹片檢查,孕婦產檢,分娩,精神病患者居家照護,義肢業務,兒童牙齒預防保健,婦女乳房檢查,精神科日間住院治療,口腔黏膜檢查,定量免疫法糞便潛血檢查","家醫科,內科,外科,兒科,婦產科,骨科,神經外科,泌尿科,耳鼻喉科,眼科,精神科,復健科,整形外科,急診醫學科,牙科,中醫科,麻醉科,放射診斷科,解剖病理科",,星期一上午看診、星期二上午看診、星期三上午看診、星期四上午看診、星期五上午看診、星期六上午看診、星期日上午休診、星期一下午看診、星期二下午看診、星期三下午看診、星期四下午看診、星期五下午看診、星期六下午休診、星期日下午休診、星期一晚上看診、星期二晚上看診、星期三晚上看診、星期四晚上看診、星期五晚上休診、星期六晚上休診、星期日晚上休診,晚上時段為掛號時間下午4:30至8:00，5:30開始看診
0221010019,台南市立醫院,綜合醫院,   -,,南區業務組,區域醫院,,,2017/07/31,,
0412040012,國立臺灣大學醫學院附設醫院新竹分院,綜合醫院,03 -5326151,新竹市北區金華里經國路一段442巷25號,北區業務組,區域醫院,"復健－物理治療業務,復健－職能治療業務,住院安寧療護,復健－聽力檢查業務,復健－語言治療業務,門診診療,住院診療,血液透析,兒童預防保健,成人預防保健,婦女子宮頸抹片檢查,孕婦產檢,分娩,精神病患者居家照護,兒童牙齒預防保健,婦女乳房檢查,精神科日間住院治療,腹膜透析業務,口腔黏膜檢查,定量免疫法糞便潛血檢查","家醫科,內科,外科,兒科,婦產科,骨科,神經外科,泌尿科,耳鼻喉科,眼科,皮膚科,神經科,精神科,復健科,整形外科,急診醫學科,牙科,中醫科,麻醉科,放射線科,病理科,核子醫學科,放射腫瘤科",,星期一上午看診、星期二上午看診、星期三上午看診、星期四上午看診、星期五上午看診、星期六上午看診、星期日上午休診、星期一下午看診、星期二下午看診、星期三下午看診、星期四下午看診、星期五下午看診、星期六下午休診、星期日下午休診、星期一晚上看診、星期二晚上看診、星期三晚上看診、星期四晚上看診、星期五晚上看診、星期六晚上休診、星期日晚上休診,急診24小時服務
1146010014,台灣基督長老教會馬偕醫療財團法人台東馬偕紀念醫院,綜合醫院,089-310150,台東縣台東市長沙街303巷1號,東區業務組,區域醫院,"復健－物理治療業務,復健－職能治療業務,復健－聽力語言治療業務,安寧居家療護(甲類),門診診療,住院診療,血液透析,兒童預防保健,成人預防保健,婦女子宮頸抹片檢查,孕婦產檢,分娩,精神病患者居家照護,兒童牙齒預防保健,婦女乳房檢查,腹膜透析業務,口腔黏膜檢查,定量免疫法糞便潛血檢查","家醫科,內科,外科,兒科,婦產科,骨科,神經外科,泌尿科,耳鼻喉科,神經科,精神科,復健科,整形外科,急診醫學科,牙科,口腔顎面外科,麻醉科,病理科,放射腫瘤科,放射診斷科",,星期一上午看診、星期二上午看診、星期三上午看診、星期四上午看診、星期五上午看診、星期六上午看診、星期日上午休診、星期一下午看診、星期二下午看診、星期三下午看診、星期四下午看診、星期五下午看診、星期六下午休診、星期日下午休診、星期一晚上休診、星期二晚上看診、星期三晚上休診、星期四晚上看診、星期五晚上休診、星期六晚上休診、星期日晚上休診,106年10月9日全日提供門急診，10月10日國慶日門診停診一天。急診全年365天，24小時提供內外婦兒科等服務。
1231050017,天主教耕莘醫療財團法人耕莘醫院,綜合醫院,02 -22193391,新北市新店區中正路362號,臺北業務組,區域醫院,"復健－物理治療業務,復健－職能治療業務,住院安寧療護,安寧居家療護(甲類),復健－語言治療業務,門診診療,住院診療,血液透析,兒童預防保健,成人預防保健,婦女子宮頸抹片檢查,孕婦產檢,分娩,精神病患者居家照護,兒童牙齒預防保健,精神科日間住院治療,結核病,口腔黏膜檢查,定量免疫法糞便潛血檢查","不分科,家醫科,內科,外科,兒科,婦產科,骨科,神經外科,泌尿科,耳鼻喉科,眼科,皮膚科,神經科,精神科,復健科,整形外科,職業醫學科,急診醫學科,牙科,齒顎矯正科,口腔顎面外科,中醫科,麻醉科,核子醫學科,放射腫瘤科,放射診斷科,解剖病理科,臨床病理科",,星期一上午看診、星期二上午看診、星期三上午看診、星期四上午看診、星期五上午看診、星期六上午看診、星期日上午休診、星期一下午看診、星期二下午看診、星期三下午看診、星期四下午看診、星期五下午看診、星期六下午看診、星期日下午休診、星期一晚上看診、星期二晚上看診、星期三晚上看診、星期四晚上看診、星期五晚上看診、星期六晚上休診、星期日晚上休診,"2/28.4/4.5/30.10/4.10/10等為國定假日上午部份門診,且急診24小時服務；安康院區看診資訊請逕至本院安康院區全球資訊網參閱"
1234020011,財團法人天主教靈醫會羅東聖母醫院,綜合醫院,03 -9544106,宜蘭縣羅東鎮中正南路160號,臺北業務組,區域醫院,"復健－物理治療業務,復健－職能治療業務,住院安寧療護,安寧居家療護(甲類),復健－語言治療業務,門診診療,住院診療,血液透析,兒童預防保健,成人預防保健,婦女子宮頸抹片檢查,孕婦產檢,分娩,兒童牙齒預防保健,精神科日間住院治療,結核病,口腔黏膜檢查,定量免疫法糞便潛血檢查","家醫科,內科,外科,兒科,婦產科,骨科,神經外科,泌尿科,耳鼻喉科,眼科,皮膚科,神經科,精神科,復健科,整形外科,急診醫學科,牙科,麻醉科,放射腫瘤科,放射診斷科,解剖病理科",,星期一上午看診、星期二上午看診、星期三上午看診、星期四上午看診、星期五上午看診、星期六上午看診、星期日上午休診、星期一下午看診、星期二下午看診、星期三下午看診、星期四下午看診、星期五下午看診、星期六下午休診、星期日下午休診、星期一晚上看診、星期二晚上看診、星期三晚上看診、星期四晚上看診、星期五晚上看診、星期六晚上休診、星期日晚上休診,"24小時急診看診,10/10雙十節門診休診一天"
1301170017,臺北醫學大學附設醫院,綜合醫院,02 -27372181,台北市信義區吳興街252號,臺北業務組,區域醫院,"復健－物理治療業務,復健－職能治療業務,住院安寧療護,安寧居家療護(甲類),復健－語言治療業務,門診診療,住院診療,血液透析,兒童預防保健,成人預防保健,婦女子宮頸抹片檢查,孕婦產檢,分娩,兒童牙齒預防保健,精神科日間住院治療,結核病,口腔黏膜檢查,定量免疫法糞便潛血檢查","不分科,家醫科,內科,外科,兒科,婦產科,骨科,神經外科,泌尿科,耳鼻喉科,眼科,皮膚科,神經科,精神科,復健科,整形外科,職業醫學科,急診醫學科,牙科,齒顎矯正科,口腔顎面外科,口腔病理科,中醫科,麻醉科,核子醫學科,放射腫瘤科,放射診斷科,解剖病理科,臨床病理科",,星期一上午看診、星期二上午看診、星期三上午看診、星期四上午看診、星期五上午看診、星期六上午看診、星期日上午休診、星期一下午看診、星期二下午看診、星期三下午看診、星期四下午看診、星期五下午看診、星期六下午休診、星期日下午休診、星期一晚上看診、星期二晚上看診、星期三晚上看診、星期四晚上看診、星期五晚上看診、星期六晚上休診、星期日晚上休診,1061004中秋節(週三)上午診，1061010雙十節(週二)上午診，急診提供24小時服務
1305370013,臺南市立安南醫院－委託中國醫藥大學興建經營,綜合醫院,06 -3553111,臺南市安南區長和路二段66號,南區業務組,區域醫院,"復健－物理治療業務,復健－職能治療業務,安寧居家療護(甲類),復健－語言治療業務,門診診療,住院診療,血液透析,兒童預防保健,成人預防保健,婦女子宮頸抹片檢查,孕婦產檢,分娩,精神病患者居家照護,兒童牙齒預防保健,醫事放射業務,醫事檢驗業務,精神科日間住院治療,腹膜透析業務,口腔黏膜檢查,定量免疫法糞便潛血檢查","家醫科,內科,外科,兒科,婦產科,骨科,神經外科,泌尿科,耳鼻喉科,眼科,神經科,精神科,復健科,整形外科,急診醫學科,牙科,口腔顎面外科,中醫科,麻醉科,核子醫學科,放射腫瘤科,放射診斷科,解剖病理科",,星期一上午看診、星期二上午看診、星期三上午看診、星期四上午看診、星期五上午看診、星期六上午看診、星期日上午休診、星期一下午看診、星期二下午看診、星期三下午看診、星期四下午看診、星期五下午看診、星期六下午休診、星期日下午休診、星期一晚上看診、星期二晚上看診、星期三晚上看診、星期四晚上看診、星期五晚上看診、星期六晚上休診、星期日晚上休診,急診24小時守護您!
1331040513,衛生福利部雙和醫院〈委託臺北醫學大學興建經營〉,綜合醫院,02 -22490088,新北市中和區中正路291號,臺北業務組,區域醫院,"復健－物理治療業務,復健－職能治療業務,住院安寧療護,安寧居家療護(甲類),復健－語言治療業務,門診診療,住院診療,血液透析,兒童預防保健,成人預防保健,婦女子宮頸抹片檢查,孕婦產檢,分娩,精神病患者居家照護,精神科日間住院治療,腹膜透析業務,口腔黏膜檢查,定量免疫法糞便潛血檢查","不分科,家醫科,內科,外科,兒科,婦產科,骨科,神經外科,泌尿科,耳鼻喉科,眼科,皮膚科,神經科,精神科,復健科,整形外科,職業醫學科,急診醫學科,牙科,齒顎矯正科,口腔顎面外科,口腔病理科,麻醉科,核子醫學科,放射腫瘤科,放射診斷科,解剖病理科,臨床病理科",,星期一上午看診、星期二上午看診、星期三上午看診、星期四上午看診、星期五上午看診、星期六上午看診、星期日上午休診、星期一下午看診、星期二下午看診、星期三下午看診、星期四下午看診、星期五下午看診、星期六下午休診、星期日下午休診、星期一晚上看診、星期二晚上看診、星期三晚上看診、星期四晚上看診、星期五晚上看診、星期六晚上休診、星期日晚上休診,1/27、1/30、2/28、4/4、5/30、10/4、10/10上午門診；1/28停診。全日提供急診服務。
0101090517,臺北市立聯合醫院,綜合醫院,02 -25553000,台北市大同區鄭州路145號（代表）,臺北業務組,區域醫院,"安寧居家療護(乙類),復健－物理治療業務,復健－職能治療業務,住院安寧療護,安寧居家療護(甲類),復健－語言治療業務,門診診療,住院診療,血液透析,兒童預防保健,成人預防保健,婦女子宮頸抹片檢查,孕婦產檢,分娩,精神病患者居家照護,兒童牙齒預防保健,結核病,口腔黏膜檢查,定量免疫法糞便潛血檢查","家醫科,內科,外科,兒科,婦產科,骨科,神經外科,泌尿科,耳鼻喉科,眼科,皮膚科,神經科,精神科,復健科,整形外科,職業醫學科,急診醫學科,牙科,口腔顎面外科,中醫科,麻醉科,核子醫學科,放射腫瘤科,放射診斷科,解剖病理科,臨床病理科",,星期一上午看診、星期二上午看診、星期三上午看診、星期四上午看診、星期五上午看診、星期六上午看診、星期日上午休診、星期一下午看診、星期二下午看診、星期三下午看診、星期四下午看診、星期五下午看診、星期六下午休診、星期日下午休診、星期一晚上看診、星期二晚上看診、星期三晚上看診、星期四晚上看診、星期五晚上看診、星期六晚上休診、星期日晚上休診,
0102020011,高雄市立聯合醫院,綜合醫院,07 -5552565,高雄市鼓山區中華一路976號Ｂ1-9Ｆ,高屏業務組,區域醫院,"復健－物理治療業務,復健－職能治療業務,復健－語言治療業務,門診診療,住院診療,血液透析,兒童預防保健,成人預防保健,婦女子宮頸抹片檢查,孕婦產檢,分娩,義肢業務,兒童牙齒預防保健,婦女乳房檢查,精神科日間住院治療,口腔黏膜檢查,定量免疫法糞便潛血檢查","家醫科,內科,外科,兒科,婦產科,骨科,神經外科,泌尿科,耳鼻喉科,眼科,神經科,精神科,復健科,整形外科,急診醫學科,牙科,麻醉科,核子醫學科,放射腫瘤科,放射診斷科,解剖病理科",,星期一上午看診、星期二上午看診、星期三上午看診、星期四上午看診、星期五上午看診、星期六上午看診、星期日上午休診、星期一下午看診、星期二下午看診、星期三下午看診、星期四下午看診、星期五下午看診、星期六下午休診、星期日下午休診、星期一晚上看診、星期二晚上看診、星期三晚上看診、星期四晚上看診、星期五晚上看診、星期六晚上休診、星期日晚上休診,全天門診24小時急診及住院業務
0102070020,高雄市立大同醫院（委託財團法人私立高雄醫學大學附設中和紀念,綜合醫院,07 -2911101,高雄市前金區中華三路68號,高屏業務組,區域醫院,"復健－物理治療業務,復健－職能治療業務,復健－語言治療業務,門診診療,住院診療,血液透析,兒童預防保健,成人預防保健,婦女子宮頸抹片檢查,孕婦產檢,分娩,義肢業務,腹膜透析業務,口腔黏膜檢查,定量免疫法糞便潛血檢查","家醫科,內科,外科,兒科,婦產科,骨科,神經外科,泌尿科,耳鼻喉科,眼科,皮膚科,神經科,精神科,復健科,整形外科,職業醫學科,急診醫學科,牙科,麻醉科,放射線科,病理科,放射腫瘤科",,星期一上午看診、星期二上午看診、星期三上午看診、星期四上午看診、星期五上午看診、星期六上午看診、星期日上午休診、星期一下午看診、星期二下午看診、星期三下午看診、星期四下午看診、星期五下午看診、星期六下午休診、星期日下午休診、星期一晚上看診、星期二晚上看診、星期三晚上看診、星期四晚上看診、星期五晚上看診、星期六晚上休診、星期日晚上休診,24小時提供急診服務
0102080026,高雄市立凱旋醫院,精神科醫院,07 -7513171,高雄市苓雅區凱旋二路130號,高屏業務組,區域醫院,"門診診療,住院診療,精神病患者居家照護,精神科日間住院治療,口腔黏膜檢查,定量免疫法糞便潛血檢查","神經科,精神科",,星期一上午看診、星期二上午看診、星期三上午看診、星期四上午看診、星期五上午看診、星期六上午看診、星期日上午休診、星期一下午看診、星期二下午看診、星期三下午看診、星期四下午看診、星期五下午看診、星期六下午休診、星期日下午休診、星期一晚上看診、星期二晚上看診、星期三晚上看診、星期四晚上看診、星期五晚上看診、星期六晚上休診、星期日晚上休診,"若遇高雄市政府宣佈颱風日停止上班,當日看診情況請參照本院網站公告。"
0111070010,衛生福利部基隆醫院,綜合醫院,02 -24292525,基隆市信義區信二路268號,臺北業務組,區域醫院,"復健－物理治療業務,復健－職能治療業務,住院安寧療護,復健－語言治療業務,門診診療,住院診療,血液透析,兒童預防保健,成人預防保健,婦女子宮頸抹片檢查,孕婦產檢,分娩,精神病患者居家照護,義肢業務,兒童牙齒預防保健,精神科日間住院治療,腹膜透析業務,結核病,口腔黏膜檢查,定量免疫法糞便潛血檢查","家醫科,內科,外科,兒科,婦產科,骨科,神經外科,泌尿科,耳鼻喉科,眼科,皮膚科,神經科,精神科,復健科,職業醫學科,急診醫學科,牙科,中醫科,麻醉科,放射線科,病理科",,星期一上午看診、星期二上午看診、星期三上午看診、星期四上午看診、星期五上午看診、星期六上午看診、星期日上午休診、星期一下午看診、星期二下午看診、星期三下午看診、星期四下午看診、星期五下午看診、星期六下午休診、星期日下午休診、星期一晚上看診、星期二晚上看診、星期三晚上看診、星期四晚上看診、星期五晚上看診、星期六晚上休診、星期日晚上休診,
0434010518,國立陽明大學附設醫院,綜合醫院,03 -9325192,宜蘭縣宜蘭市校舍路169號、新民路152號,臺北業務組,區域醫院,"復健－物理治療業務,復健－職能治療業務,住院安寧療護,安寧居家療護(甲類),復健－語言治療業務,門診診療,住院診療,血液透析,兒童預防保健,成人預防保健,婦女子宮頸抹片檢查,孕婦產檢,分娩,精神病患者居家照護,兒童牙齒預防保健,精神科日間住院治療,腹膜透析業務,結核病,口腔黏膜檢查,定量免疫法糞便潛血檢查","家醫科,內科,外科,兒科,婦產科,骨科,神經外科,泌尿科,耳鼻喉科,眼科,皮膚科,神經科,精神科,復健科,整形外科,職業醫學科,急診醫學科,牙科,口腔顎面外科,中醫科,麻醉科,核子醫學科,放射腫瘤科,放射診斷科,解剖病理科",,星期一上午看診、星期二上午看診、星期三上午看診、星期四上午看診、星期五上午看診、星期六上午看診、星期日上午休診、星期一下午看診、星期二下午看診、星期三下午看診、星期四下午看診、星期五下午看診、星期六下午休診、星期日下午休診、星期一晚上看診、星期二晚上看診、星期三晚上看診、星期四晚上看診、星期五晚上看診、星期六晚上休診、星期日晚上休診,急診24小時全天服務。
0439010518,國立臺灣大學醫學院附設醫院雲林分院,綜合醫院,05 -5323911,雲林縣斗六市雲林路二段579號,南區業務組,區域醫院,"復健－物理治療業務,復健－職能治療業務,住院安寧療護,安寧居家療護(甲類),復健－語言治療業務,門診診療,住院診療,血液透析,兒童預防保健,成人預防保健,婦女子宮頸抹片檢查,孕婦產檢,分娩,精神病患者居家照護,兒童牙齒預防保健,婦女乳房檢查,精神科日間住院治療,腹膜透析業務,口腔黏膜檢查,定量免疫法糞便潛血檢查","家醫科,內科,外科,兒科,婦產科,骨科,神經外科,泌尿科,耳鼻喉科,眼科,皮膚科,神經科,精神科,復健科,整形外科,職業醫學科,急診醫學科,牙科,齒顎矯正科,口腔顎面外科,麻醉科,放射線科,病理科,核子醫學科,放射腫瘤科,放射診斷科,解剖病理科,臨床病理科",,星期一上午看診、星期二上午看診、星期三上午看診、星期四上午看診、星期五上午看診、星期六上午看診、星期日上午休診、星期一下午看診、星期二下午看診、星期三下午看診、星期四下午看診、星期五下午看診、星期六下午休診、星期日下午休診、星期一晚上看診、星期二晚上看診、星期三晚上看診、星期四晚上看診、星期五晚上看診、星期六晚上休診、星期日晚上休診,急診服務時段為24小時
0501010019,三軍總醫院松山分院附設民眾診療服務處,綜合醫院,02 -27648851,台北市松山區健康路131號,臺北業務組,區域醫院,"復健－物理治療業務,復健－職能治療業務,門診診療,住院診療,血液透析,兒童預防保健,成人預防保健,婦女子宮頸抹片檢查,孕婦產檢,分娩,精神病患者居家照護,兒童牙齒預防保健,口腔黏膜檢查,定量免疫法糞便潛血檢查","家醫科,內科,外科,兒科,婦產科,骨科,神經外科,泌尿科,耳鼻喉科,眼科,神經科,精神科,復健科,急診醫學科,牙科,麻醉科,放射線科,病理科,解剖病理科",,星期一上午看診、星期二上午看診、星期三上午看診、星期四上午看診、星期五上午看診、星期六上午看診、星期日上午休診、星期一下午看診、星期二下午看診、星期三下午看診、星期四下午看診、星期五下午看診、星期六下午休診、星期日下午休診、星期一晚上看診、星期二晚上看診、星期三晚上看診、星期四晚上看診、星期五晚上看診、星期六晚上休診、星期日晚上休診,
0501160014,三軍總醫院北投分院附設民眾診療服務處,醫院,02 -28959808,台北市北投區新民路60號　中和街250號,臺北業務組,區域醫院,"門診診療,住院診療,兒童預防保健,成人預防保健,婦女子宮頸抹片檢查,精神病患者居家照護,兒童牙齒預防保健,精神科日間住院治療","不分科,家醫科,內科,骨科,神經科,精神科,牙科",,星期一上午看診、星期二上午看診、星期三上午看診、星期四上午看診、星期五上午看診、星期六上午看診、星期日上午休診、星期一下午看診、星期二下午看診、星期三下午看診、星期四下午看診、星期五下午看診、星期六下午休診、星期日下午休診、星期一晚上看診、星期二晚上看診、星期三晚上看診、星期四晚上看診、星期五晚上看診、星期六晚上休診、星期日晚上休診,急診24小時全年無休
0502030015,國軍高雄總醫院左營分院附設民眾診療服務處,綜合醫院,07 -5811648,高雄市左營區合群里軍校路553號,高屏業務組,區域醫院,"復健－物理治療業務,復健－職能治療業務,門診診療,住院診療,血液透析,兒童預防保健,成人預防保健,婦女子宮頸抹片檢查,孕婦產檢,分娩,精神病患者居家照護,義肢業務,兒童牙齒預防保健,腹膜透析業務,口腔黏膜檢查,定量免疫法糞便潛血檢查","家醫科,內科,外科,兒科,婦產科,骨科,神經外科,泌尿科,耳鼻喉科,眼科,皮膚科,神經科,精神科,復健科,整形外科,急診醫學科,牙科,麻醉科,核子醫學科,放射腫瘤科,放射診斷科,解剖病理科",,星期一上午看診、星期二上午看診、星期三上午看診、星期四上午看診、星期五上午看診、星期六上午看診、星期日上午休診、星期一下午看診、星期二下午看診、星期三下午看診、星期四下午看診、星期五下午看診、星期六下午休診、星期日下午休診、星期一晚上看診、星期二晚上看診、星期三晚上休診、星期四晚上看診、星期五晚上休診、星期六晚上休診、星期日晚上休診,10/09正常門診、無夜診 10/10上下午特診
0502080015,國軍高雄總醫院附設民眾診療服務處,綜合醫院,07 -7496751,高雄市苓雅區建軍路5號,高屏業務組,區域醫院,"復健－物理治療業務,復健－職能治療業務,復健－語言治療業務,門診診療,住院診療,血液透析,兒童預防保健,成人預防保健,婦女子宮頸抹片檢查,孕婦產檢,分娩,精神病患者居家照護,義肢業務,兒童牙齒預防保健,精神科日間住院治療,口腔黏膜檢查,定量免疫法糞便潛血檢查","內科,外科,兒科,婦產科,骨科,神經外科,泌尿科,耳鼻喉科,眼科,皮膚科,神經科,精神科,復健科,整形外科,急診醫學科,牙科,麻醉科,放射診斷科,解剖病理科",,星期一上午看診、星期二上午看診、星期三上午看診、星期四上午看診、星期五上午看診、星期六上午看診、星期日上午休診、星期一下午看診、星期二下午看診、星期三下午看診、星期四下午看診、星期五下午看診、星期六下午休診、星期日下午休診、星期一晚上看診、星期二晚上看診、星期三晚上看診、星期四晚上看診、星期五晚上看診、星期六晚上休診、星期日晚上休診,急診全天24小時服務，全年無休
0532090029,國軍桃園總醫院附設民眾診療服務處,醫院,03 -4799595,桃園市龍潭區中興里中興路168號,北區業務組,區域醫院,"復健－物理治療業務,復健－職能治療業務,復健－聽力語言治療業務,門診診療,住院診療,血液透析,兒童預防保健,婦女子宮頸抹片檢查,孕婦產檢,分娩,精神病患者居家照護,兒童牙齒預防保健,精神科日間住院治療,腹膜透析業務,口腔黏膜檢查,定量免疫法糞便潛血檢查","家醫科,內科,外科,兒科,婦產科,骨科,神經外科,泌尿科,耳鼻喉科,眼科,皮膚科,神經科,精神科,復健科,整形外科,急診醫學科,牙科,麻醉科,放射線科,病理科",,星期一上午看診、星期二上午看診、星期三上午看診、星期四上午看診、星期五上午看診、星期六上午看診、星期日上午休診、星期一下午看診、星期二下午看診、星期三下午看診、星期四下午看診、星期五下午看診、星期六下午休診、星期日下午休診、星期一晚上看診、星期二晚上看診、星期三晚上看診、星期四晚上看診、星期五晚上看診、星期六晚上休診、星期日晚上休診,
0536190011,國軍台中總醫院附設民眾診療服務處,綜合醫院,04 -23934191,台中市太平區中山路2段348號,中區業務組,區域醫院,"復健－物理治療業務,復健－職能治療業務,復健－語言治療業務,門診診療,住院診療,血液透析,兒童預防保健,成人預防保健,婦女子宮頸抹片檢查,孕婦產檢,分娩,精神病患者居家照護,兒童牙齒預防保健,婦女乳房檢查,腹膜透析業務,口腔黏膜檢查,定量免疫法糞便潛血檢查","家醫科,內科,外科,兒科,婦產科,骨科,神經外科,泌尿科,耳鼻喉科,眼科,皮膚科,神經科,精神科,復健科,急診醫學科,牙科,麻醉科,放射線科,病理科,核子醫學科",,星期一上午看診、星期二上午看診、星期三上午看診、星期四上午看診、星期五上午看診、星期六上午看診、星期日上午休診、星期一下午看診、星期二下午看診、星期三下午看診、星期四下午看診、星期五下午看診、星期六下午休診、星期日下午休診、星期一晚上看診、星期二晚上看診、星期三晚上看診、星期四晚上看診、星期五晚上看診、星期六晚上休診、星期日晚上休診,
0545040515,國軍花蓮總醫院附設民眾診療服務處,綜合醫院,03 -8263151,花蓮縣新城鄉嘉里路163號,東區業務組,區域醫院,"復健－物理治療業務,復健－職能治療業務,門診診療,住院診療,血液透析,兒童預防保健,成人預防保健,婦女子宮頸抹片檢查,孕婦產檢,分娩,精神病患者居家照護,精神科日間住院治療,腹膜透析業務,口腔黏膜檢查,定量免疫法糞便潛血檢查","家醫科,內科,外科,兒科,婦產科,骨科,神經外科,泌尿科,神經科,精神科,復健科,整形外科,急診醫學科,牙科,麻醉科,放射線科,解剖病理科",,星期一上午看診、星期二上午看診、星期三上午看診、星期四上午看診、星期五上午看診、星期六上午看診、星期日上午休診、星期一下午看診、星期二下午看診、星期三下午看診、星期四下午看診、星期五下午看診、星期六下午休診、星期日下午休診、星期一晚上看診、星期二晚上看診、星期三晚上看診、星期四晚上看診、星期五晚上休診、星期六晚上休診、星期日晚上休診,預約掛號請洽03-8263151轉815100，急診24小時作業。
0622020017,臺中榮民總醫院嘉義分院,綜合醫院,05 -2359630,嘉義市西區劉厝里世賢路2段600號,南區業務組,區域醫院,"復健－物理治療業務,復健－職能治療業務,住院安寧療護,安寧居家療護(甲類),復健－語言治療業務,門診診療,住院診療,血液透析,兒童預防保健,成人預防保健,婦女子宮頸抹片檢查,孕婦產檢,分娩,精神病患者居家照護,兒童牙齒預防保健,婦女乳房檢查,精神科日間住院治療,口腔黏膜檢查,定量免疫法糞便潛血檢查","家醫科,內科,外科,兒科,婦產科,骨科,神經外科,泌尿科,耳鼻喉科,眼科,神經科,精神科,復健科,整形外科,急診醫學科,牙科,中醫科,麻醉科,放射線科,病理科,核子醫學科,放射腫瘤科",,星期一上午看診、星期二上午看診、星期三上午看診、星期四上午看診、星期五上午看診、星期六上午看診、星期日上午休診、星期一下午看診、星期二下午看診、星期三下午看診、星期四下午看診、星期五下午看診、星期六下午休診、星期日下午休診、星期一晚上休診、星期二晚上看診、星期三晚上休診、星期四晚上看診、星期五晚上休診、星期六晚上休診、星期日晚上休診,
0632010014,臺北榮民總醫院桃園分院,綜合醫院,03 -3384889,桃園市桃園區成功路三段100號,北區業務組,區域醫院,"復健－物理治療業務,復健－職能治療業務,住院安寧療護,安寧居家療護(甲類),門診診療,住院診療,血液透析,兒童預防保健,成人預防保健,婦女子宮頸抹片檢查,孕婦產檢,分娩,精神病患者居家照護,兒童牙齒預防保健,精神科日間住院治療,腹膜透析業務,口腔黏膜檢查,定量免疫法糞便潛血檢查","家醫科,內科,外科,兒科,婦產科,骨科,神經外科,泌尿科,耳鼻喉科,眼科,皮膚科,神經科,精神科,復健科,整形外科,急診醫學科,牙科,麻醉科,放射診斷科,解剖病理科,臨床病理科",,星期一上午看診、星期二上午看診、星期三上午看診、星期四上午看診、星期五上午看診、星期六上午看診、星期日上午休診、星期一下午看診、星期二下午看診、星期三下午看診、星期四下午看診、星期五下午看診、星期六下午休診、星期日下午休診、星期一晚上看診、星期二晚上看診、星期三晚上看診、星期四晚上看診、星期五晚上看診、星期六晚上休診、星期日晚上休診,本院提供24小時急診服務。
0902080013,阮綜合醫療社團法人阮綜合醫院,綜合醫院,07 -3351121,高雄市苓雅區成功一路162號.四維四路136號.166號.永昌街49號,高屏業務組,區域醫院,"復健－物理治療業務,復健－職能治療業務,復健－語言治療業務,門診診療,住院診療,血液透析,兒童預防保健,成人預防保健,婦女子宮頸抹片檢查,孕婦產檢,分娩,義肢業務,婦女乳房檢查,腹膜透析業務,口腔黏膜檢查,定量免疫法糞便潛血檢查","家醫科,內科,外科,兒科,婦產科,骨科,神經外科,泌尿科,耳鼻喉科,眼科,皮膚科,神經科,精神科,復健科,整形外科,急診醫學科,牙科,口腔顎面外科,麻醉科,病理科,核子醫學科,放射腫瘤科,放射診斷科",,星期一上午看診、星期二上午看診、星期三上午看診、星期四上午看診、星期五上午看診、星期六上午看診、星期日上午休診、星期一下午看診、星期二下午看診、星期三下午看診、星期四下午看診、星期五下午看診、星期六下午休診、星期日下午休診、星期一晚上看診、星期二晚上看診、星期三晚上看診、星期四晚上看診、星期五晚上看診、星期六晚上休診、星期日晚上休診,急救責任醫院，急診服務時段為24小時(全年)，5/30端午節門診全日休診
0905320023,台南市立醫院(委託秀傳醫療社團法人經營),綜合醫院,06 -2609926,臺南市東區崇德路670號,南區業務組,區域醫院,"復健－物理治療業務,復健－職能治療業務,安寧居家療護(甲類),復健－語言治療業務,門診診療,住院診療,血液透析,兒童預防保健,成人預防保健,婦女子宮頸抹片檢查,孕婦產檢,分娩,精神病患者居家照護,兒童牙齒預防保健,婦女乳房檢查,精神科日間住院治療,腹膜透析業務,口腔黏膜檢查,定量免疫法糞便潛血檢查","家醫科,內科,外科,兒科,婦產科,骨科,神經外科,泌尿科,耳鼻喉科,眼科,皮膚科,神經科,精神科,復健科,整形外科,職業醫學科,急診醫學科,牙科,中醫科,麻醉科,放射線科,病理科,放射診斷科",,星期一上午看診、星期二上午看診、星期三上午看診、星期四上午看診、星期五上午看診、星期六上午看診、星期日上午休診、星期一下午看診、星期二下午看診、星期三下午看診、星期四下午看診、星期五下午看診、星期六下午休診、星期日下午休診、星期一晚上看診、星期二晚上看診、星期三晚上看診、星期四晚上看診、星期五晚上看診、星期六晚上休診、星期日晚上休診,本院24小時急診服務
0917070029,林新醫療社團法人林新醫院,綜合醫院,04 -22586688,台中市南屯區惠中路3段36號,中區業務組,區域醫院,"復健－物理治療業務,復健－職能治療業務,復健－語言治療業務,門診診療,住院診療,血液透析,兒童預防保健,成人預防保健,婦女子宮頸抹片檢查,孕婦產檢,分娩,兒童牙齒預防保健,婦女乳房檢查,腹膜透析業務,口腔黏膜檢查,定量免疫法糞便潛血檢查","家醫科,內科,外科,兒科,婦產科,骨科,神經外科,泌尿科,耳鼻喉科,眼科,皮膚科,神經科,精神科,復健科,急診醫學科,牙科,麻醉科,病理科,核子醫學科,放射腫瘤科,放射診斷科",,星期一上午看診、星期二上午看診、星期三上午看診、星期四上午看診、星期五上午看診、星期六上午看診、星期日上午休診、星期一下午看診、星期二下午看診、星期三下午看診、星期四下午看診、星期五下午看診、星期六下午休診、星期日下午休診、星期一晚上看診、星期二晚上看診、星期三晚上看診、星期四晚上看診、星期五晚上看診、星期六晚上休診、星期日晚上休診,全年 急診24小時看診服務
0932020025,天成醫療社團法人天晟醫院,醫院,03 -4629292,桃園市中壢區延平路155號,北區業務組,區域醫院,"復健－物理治療業務,復健－職能治療業務,復健－語言治療業務,門診診療,住院診療,血液透析,兒童預防保健,成人預防保健,婦女子宮頸抹片檢查,孕婦產檢,兒童牙齒預防保健,婦女乳房檢查,腹膜透析業務,口腔黏膜檢查,定量免疫法糞便潛血檢查","家醫科,內科,外科,兒科,婦產科,骨科,神經外科,泌尿科,耳鼻喉科,眼科,皮膚科,神經科,精神科,復健科,職業醫學科,急診醫學科,牙科,口腔顎面外科,麻醉科,放射線科,病理科",,星期一上午看診、星期二上午看診、星期三上午看診、星期四上午看診、星期五上午看診、星期六上午看診、星期日上午休診、星期一下午看診、星期二下午看診、星期三下午看診、星期四下午看診、星期五下午看診、星期六下午休診、星期日下午休診、星期一晚上看診、星期二晚上看診、星期三晚上看診、星期四晚上看診、星期五晚上看診、星期六晚上休診、星期日晚上休診,24小時急診服務
0936030018,李綜合醫療社團法人大甲李綜合醫院,綜合醫院,04 -26862288,台中市大甲區八德街2號,中區業務組,區域醫院,"安寧居家療護(乙類),復健－物理治療業務,復健－職能治療業務,門診診療,住院診療,血液透析,兒童預防保健,成人預防保健,婦女子宮頸抹片檢查,孕婦產檢,分娩,婦女乳房檢查,口腔黏膜檢查,定量免疫法糞便潛血檢查","家醫科,內科,外科,兒科,婦產科,骨科,神經外科,泌尿科,神經科,精神科,復健科,急診醫學科,麻醉科,放射診斷科,解剖病理科",,星期一上午看診、星期二上午看診、星期三上午看診、星期四上午看診、星期五上午看診、星期六上午看診、星期日上午看診、星期一下午看診、星期二下午看診、星期三下午看診、星期四下午看診、星期五下午看診、星期六下午休診、星期日下午休診、星期一晚上看診、星期二晚上看診、星期三晚上看診、星期四晚上看診、星期五晚上看診、星期六晚上看診、星期日晚上休診,星期一至星期日提供24小時急診服務
0936050029,光田醫療社團法人光田綜合醫院,綜合醫院,04 -26625111,台中市沙鹿區沙田路117號,中區業務組,區域醫院,"復健－物理治療業務,復健－職能治療業務,住院安寧療護,安寧居家療護(甲類),復健－聽力檢查業務,復健－語言治療業務,門診診療,住院診療,血液透析,兒童預防保健,成人預防保健,婦女子宮頸抹片檢查,孕婦產檢,分娩,精神病患者居家照護,義肢業務,兒童牙齒預防保健,婦女乳房檢查,精神科日間住院治療,腹膜透析業務,口腔黏膜檢查,定量免疫法糞便潛血檢查","不分科,家醫科,內科,外科,兒科,婦產科,骨科,神經外科,泌尿科,耳鼻喉科,眼科,皮膚科,神經科,精神科,復健科,整形外科,急診醫學科,牙科,口腔病理科,麻醉科,放射線科,病理科,核子醫學科",,星期一上午看診、星期二上午看診、星期三上午看診、星期四上午看診、星期五上午看診、星期六上午看診、星期日上午休診、星期一下午看診、星期二下午看診、星期三下午看診、星期四下午看診、星期五下午看診、星期六下午休診、星期日下午休診、星期一晚上看診、星期二晚上看診、星期三晚上看診、星期四晚上看診、星期五晚上看診、星期六晚上休診、星期日晚上休診,急診24小時看診。
0936060016,童綜合醫療社團法人童綜合醫院,綜合醫院,04 -26581919,臺中市梧棲區臺灣大道八段699號,中區業務組,區域醫院,"復健－物理治療業務,復健－職能治療業務,住院安寧療護,安寧居家療護(甲類),復健－語言治療業務,門診診療,住院診療,血液透析,兒童預防保健,成人預防保健,婦女子宮頸抹片檢查,孕婦產檢,分娩,精神病患者居家照護,兒童牙齒預防保健,婦女乳房檢查,精神科日間住院治療,腹膜透析業務,口腔黏膜檢查,定量免疫法糞便潛血檢查","家醫科,內科,外科,兒科,婦產科,骨科,神經外科,泌尿科,耳鼻喉科,眼科,皮膚科,神經科,精神科,復健科,整形外科,職業醫學科,急診醫學科,牙科,齒顎矯正科,口腔顎面外科,口腔病理科,中醫科,麻醉科,核子醫學科,放射腫瘤科,放射診斷科,解剖病理科,臨床病理科",,星期一上午看診、星期二上午看診、星期三上午看診、星期四上午看診、星期五上午看診、星期六上午看診、星期日上午休診、星期一下午看診、星期二下午看診、星期三下午看診、星期四下午看診、星期五下午看診、星期六下午休診、星期日下午休診、星期一晚上看診、星期二晚上看診、星期三晚上看診、星期四晚上看診、星期五晚上看診、星期六晚上休診、星期日晚上休診,星期一至星期日提供24小時急診服務
0937010019,秀傳醫療社團法人秀傳紀念醫院,綜合醫院,04 -7256166,彰化縣彰化市南瑤里中山路1段542號,中區業務組,區域醫院,"復健－物理治療業務,復健－職能治療業務,復健－聽力檢查業務,復健－語言治療業務,門診診療,住院診療,血液透析,兒童預防保健,成人預防保健,婦女子宮頸抹片檢查,孕婦產檢,居家照護,分娩,精神病患者居家照護,兒童牙齒預防保健,婦女乳房檢查,精神科日間住院治療,腹膜透析業務,口腔黏膜檢查,定量免疫法糞便潛血檢查","不分科,家醫科,內科,外科,兒科,婦產科,骨科,神經外科,泌尿科,耳鼻喉科,眼科,皮膚科,神經科,精神科,復健科,整形外科,職業醫學科,急診醫學科,牙科,齒顎矯正科,口腔顎面外科,中醫科,麻醉科,放射線科,病理科,核子醫學科,臨床病理科",,星期一上午看診、星期二上午看診、星期三上午看診、星期四上午看診、星期五上午看診、星期六上午看診、星期日上午看診、星期一下午看診、星期二下午看診、星期三下午看診、星期四下午看診、星期五下午看診、星期六下午看診、星期日下午休診、星期一晚上看診、星期二晚上看診、星期三晚上看診、星期四晚上看診、星期五晚上看診、星期六晚上休診、星期日晚上休診,"週日上份部份開診,提供24小時急診服務,春節初一至初四上午部份科別看診,午晚休診."
0943010017,寶建醫療社團法人寶建醫院,綜合醫院,08 -7665995,屏東市空翔里中山路123號.屏東市自由路650－1號Ｂ1,高屏業務組,區域醫院,"復健－物理治療業務,復健－職能治療業務,門診診療,住院診療,血液透析,兒童預防保健,成人預防保健,婦女子宮頸抹片檢查,孕婦產檢,分娩,義肢業務,婦女乳房檢查,精神科日間住院治療,腹膜透析業務,口腔黏膜檢查,定量免疫法糞便潛血檢查","家醫科,內科,外科,兒科,婦產科,骨科,神經外科,泌尿科,耳鼻喉科,眼科,皮膚科,神經科,精神科,復健科,整形外科,急診醫學科,牙科,麻醉科,放射腫瘤科,放射診斷科,解剖病理科",,星期一上午看診、星期二上午看診、星期三上午看診、星期四上午看診、星期五上午看診、星期六上午看診、星期日上午休診、星期一下午看診、星期二下午看診、星期三下午看診、星期四下午看診、星期五下午看診、星期六下午休診、星期日下午休診、星期一晚上看診、星期二晚上看診、星期三晚上看診、星期四晚上看診、星期五晚上看診、星期六晚上休診、星期日晚上休診,急診服務時段為24小時，初四、初五恢復上午、下午門診看診，夜診休診。
0943030019,安泰醫療社團法人安泰醫院,綜合醫院,08 -8329966,屏東縣東港鎮興東里中正路一段210號,高屏業務組,區域醫院,"復健－物理治療業務,復健－職能治療業務,復健－語言治療業務,門診診療,住院診療,血液透析,兒童預防保健,成人預防保健,婦女子宮頸抹片檢查,孕婦產檢,分娩,精神病患者居家照護,義肢業務,婦女乳房檢查,腹膜透析業務,口腔黏膜檢查,定量免疫法糞便潛血檢查","家醫科,內科,外科,兒科,婦產科,骨科,神經外科,泌尿科,耳鼻喉科,眼科,神經科,精神科,復健科,整形外科,急診醫學科,牙科,麻醉科,核子醫學科,放射腫瘤科,放射診斷科,解剖病理科,臨床病理科",,星期一上午看診、星期二上午看診、星期三上午看診、星期四上午看診、星期五上午看診、星期六上午看診、星期日上午休診、星期一下午看診、星期二下午看診、星期三下午看診、星期四下午看診、星期五下午看診、星期六下午休診、星期日下午休診、星期一晚上看診、星期二晚上看診、星期三晚上看診、星期四晚上看診、星期五晚上看診、星期六晚上休診、星期日晚上休診,急診24小時服務
1101010021,基督復臨安息日會醫療財團法人臺安醫院,綜合醫院,02 -27718151,台北市松山區八德路2段424、426號,臺北業務組,區域醫院,"復健－物理治療業務,復健－職能治療業務,安寧居家療護(甲類),復健－語言治療業務,門診診療,住院診療,血液透析,兒童預防保健,成人預防保健,婦女子宮頸抹片檢查,孕婦產檢,分娩,兒童牙齒預防保健,精神科日間住院治療,腹膜透析業務,結核病,口腔黏膜檢查,定量免疫法糞便潛血檢查","家醫科,內科,外科,兒科,婦產科,骨科,神經外科,泌尿科,耳鼻喉科,眼科,皮膚科,神經科,精神科,復健科,整形外科,職業醫學科,急診醫學科,牙科,口腔顎面外科,麻醉科,放射線科,病理科",,星期一上午看診、星期二上午看診、星期三上午看診、星期四上午看診、星期五上午看診、星期六上午休診、星期日上午看診、星期一下午看診、星期二下午看診、星期三下午看診、星期四下午看診、星期五下午看診、星期六下午休診、星期日下午休診、星期一晚上看診、星期二晚上看診、星期三晚上看診、星期四晚上看診、星期五晚上休診、星期六晚上休診、星期日晚上休診,"106年3月1日起,每週五下午開診,週日下午休診"
1101160017,振興醫療財團法人振興醫院,綜合醫院,02 -28264400,台北市北投區振興街45號,臺北業務組,區域醫院,"復健－物理治療業務,復健－職能治療業務,住院安寧療護,復健－語言治療業務,門診診療,住院診療,血液透析,兒童預防保健,成人預防保健,婦女子宮頸抹片檢查,孕婦產檢,分娩,兒童牙齒預防保健,精神科日間住院治療,結核病,口腔黏膜檢查,定量免疫法糞便潛血檢查","不分科,家醫科,內科,外科,兒科,婦產科,骨科,神經外科,泌尿科,耳鼻喉科,眼科,皮膚科,神經科,精神科,復健科,整形外科,急診醫學科,牙科,中醫科,麻醉科,核子醫學科,放射腫瘤科,放射診斷科,解剖病理科",,星期一上午看診、星期二上午看診、星期三上午看診、星期四上午看診、星期五上午看診、星期六上午看診、星期日上午休診、星期一下午看診、星期二下午看診、星期三下午看診、星期四下午看診、星期五下午看診、星期六下午休診、星期日下午休診、星期一晚上看診、星期二晚上看診、星期三晚上看診、星期四晚上看診、星期五晚上看診、星期六晚上休診、星期日晚上休診,"9/30(六)，10/7(六)急診,上午門診正常，10/9(一)門診正常，急診正常，10/10(星期二)全日門診休診，急診正常。"
1101160026,醫療財團法人辜公亮基金會和信治癌中心醫院,綜合醫院,02 -28970011,台北市北投區立德路125號,臺北業務組,區域醫院,"復健－物理治療業務,復健－職能治療業務,住院安寧療護,安寧居家療護(甲類),復健－語言治療業務,門診診療,住院診療,血液透析,婦女子宮頸抹片檢查,兒童牙齒預防保健,結核病,口腔黏膜檢查,定量免疫法糞便潛血檢查","內科,外科,兒科,婦產科,骨科,神經外科,泌尿科,耳鼻喉科,眼科,神經科,精神科,復健科,整形外科,牙科,麻醉科,放射線科,病理科,核子醫學科",,星期一上午看診、星期二上午看診、星期三上午看診、星期四上午看診、星期五上午看診、星期六上午看診、星期日上午休診、星期一下午看診、星期二下午看診、星期三下午看診、星期四下午看診、星期五下午看診、星期六下午休診、星期日下午休診、星期一晚上休診、星期二晚上休診、星期三晚上休診、星期四晚上休診、星期五晚上休診、星期六晚上休診、星期日晚上休診,提供24小時急診服務醫院
1102110011,高雄市立小港醫院（委託財團法人私立高雄醫學大學經營）,綜合醫院,07 -8036783,高雄市小港區山明里山明路482號B1-10F,高屏業務組,區域醫院,"復健－物理治療業務,復健－職能治療業務,復健－語言治療業務,門診診療,住院診療,血液透析,兒童預防保健,成人預防保健,婦女子宮頸抹片檢查,孕婦產檢,分娩,精神病患者居家照護,義肢業務,兒童牙齒預防保健,婦女乳房檢查,精神科日間住院治療,腹膜透析業務,口腔黏膜檢查,定量免疫法糞便潛血檢查","家醫科,內科,外科,兒科,婦產科,骨科,泌尿科,耳鼻喉科,眼科,皮膚科,神經科,精神科,復健科,職業醫學科,急診醫學科,牙科,麻醉科,放射診斷科,解剖病理科",,星期一上午看診、星期二上午看診、星期三上午看診、星期四上午看診、星期五上午看診、星期六上午看診、星期日上午休診、星期一下午看診、星期二下午看診、星期三下午看診、星期四下午看診、星期五下午看診、星期六下午休診、星期日下午休診、星期一晚上看診、星期二晚上看診、星期三晚上看診、星期四晚上看診、星期五晚上看診、星期六晚上休診、星期日晚上休診,本院急診全年24小時全天候看診
1105040016,台灣基督長老教會新樓醫療財團法人麻豆新樓醫院,綜合醫院,06 -5702228,臺南市麻豆區小埤里苓子林20號,南區業務組,區域醫院,"復健－物理治療業務,復健－職能治療業務,復健－語言治療業務,門診診療,住院診療,血液透析,兒童預防保健,成人預防保健,婦女子宮頸抹片檢查,孕婦產檢,分娩,義肢業務,兒童牙齒預防保健,婦女乳房檢查,腹膜透析業務,口腔黏膜檢查,定量免疫法糞便潛血檢查","家醫科,內科,外科,兒科,婦產科,骨科,神經外科,泌尿科,耳鼻喉科,眼科,皮膚科,神經科,精神科,復健科,整形外科,職業醫學科,急診醫學科,牙科,口腔顎面外科,中醫科,麻醉科,放射診斷科,解剖病理科",,星期一上午看診、星期二上午看診、星期三上午看診、星期四上午看診、星期五上午看診、星期六上午看診、星期日上午休診、星期一下午看診、星期二下午看診、星期三下午看診、星期四下午看診、星期五下午看診、星期六下午休診、星期日下午休診、星期一晚上看診、星期二晚上看診、星期三晚上看診、星期四晚上看診、星期五晚上看診、星期六晚上休診、星期日晚上休診,急診全年無休。10/4日及10/10日全日門診全停。
1111060015,長庚醫療財團法人基隆長庚紀念醫院,綜合醫院,02 -24313131,基隆市安樂區麥金路222號,臺北業務組,區域醫院,"復健－物理治療業務,復健－職能治療業務,住院安寧療護,安寧居家療護(甲類),復健－語言治療業務,門診診療,住院診療,血液透析,兒童預防保健,成人預防保健,婦女子宮頸抹片檢查,孕婦產檢,分娩,精神病患者居家照護,兒童牙齒預防保健,精神科日間住院治療,腹膜透析業務,結核病,口腔黏膜檢查,定量免疫法糞便潛血檢查","不分科,家醫科,內科,外科,兒科,婦產科,骨科,神經外科,泌尿科,耳鼻喉科,眼科,皮膚科,神經科,精神科,復健科,整形外科,職業醫學科,急診醫學科,牙科,中醫科,麻醉科,放射線科,病理科,核子醫學科",,星期一上午看診、星期二上午看診、星期三上午看診、星期四上午看診、星期五上午看診、星期六上午看診、星期日上午休診、星期一下午看診、星期二下午看診、星期三下午看診、星期四下午看診、星期五下午看診、星期六下午看診、星期日下午休診、星期一晚上看診、星期二晚上看診、星期三晚上看診、星期四晚上看診、星期五晚上看診、星期六晚上休診、星期日晚上休診,星期六下午中醫科，急診正常服務。
1112010519,台灣基督長老教會馬偕醫療財團法人新竹馬偕紀念醫院,綜合醫院,03 -6119595,新竹市東區光復路二段690號,北區業務組,區域醫院,"復健－物理治療業務,復健－職能治療業務,復健－聽力檢查業務,復健－語言治療業務,門診診療,住院診療,血液透析,兒童預防保健,成人預防保健,婦女子宮頸抹片檢查,孕婦產檢,分娩,兒童牙齒預防保健,婦女乳房檢查,精神科日間住院治療,腹膜透析業務,口腔黏膜檢查,定量免疫法糞便潛血檢查","家醫科,內科,外科,兒科,婦產科,骨科,神經外科,泌尿科,耳鼻喉科,眼科,皮膚科,神經科,精神科,復健科,整形外科,急診醫學科,牙科,口腔顎面外科,麻醉科,核子醫學科,放射腫瘤科,放射診斷科,解剖病理科",,星期一上午看診、星期二上午看診、星期三上午看診、星期四上午看診、星期五上午看診、星期六上午看診、星期日上午休診、星期一下午看診、星期二下午看診、星期三下午看診、星期四下午看診、星期五下午看診、星期六下午休診、星期日下午休診、星期一晚上看診、星期二晚上看診、星期三晚上看診、星期四晚上看診、星期五晚上看診、星期六晚上休診、星期日晚上休診,提供急診24小時服務。
1121010018,台灣基督長老教會新樓醫療財團法人台南新樓醫院,綜合醫院,06 -2748316,台南市東區泉北里東門路1段57號,南區業務組,區域醫院,"復健－物理治療業務,復健－職能治療業務,住院安寧療護,安寧居家療護(甲類),復健－語言治療業務,門診診療,住院診療,血液透析,兒童預防保健,成人預防保健,婦女子宮頸抹片檢查,孕婦產檢,分娩,精神病患者居家照護,義肢業務,兒童牙齒預防保健,婦女乳房檢查,精神科日間住院治療,腹膜透析業務,口腔黏膜檢查,定量免疫法糞便潛血檢查","家醫科,內科,外科,兒科,婦產科,骨科,神經外科,泌尿科,耳鼻喉科,眼科,皮膚科,神經科,精神科,復健科,整形外科,職業醫學科,急診醫學科,牙科,齒顎矯正科,口腔顎面外科,中醫科,麻醉科,病理科,放射腫瘤科,放射診斷科",,星期一上午看診、星期二上午看診、星期三上午看診、星期四上午看診、星期五上午看診、星期六上午看診、星期日上午休診、星期一下午看診、星期二下午看診、星期三下午看診、星期四下午看診、星期五下午看診、星期六下午休診、星期日下午休診、星期一晚上看診、星期二晚上看診、星期三晚上看診、星期四晚上看診、星期五晚上看診、星期六晚上休診、星期日晚上休診,急診全年無休。10/4日及10/10日全日門診全停。
1122010012,戴德森醫療財團法人嘉義基督教醫院,綜合醫院,05 -2765041,嘉義市東區中庄里忠孝路539號、642號、保健街100號,南區業務組,區域醫院,"安寧居家療護(乙類),復健－物理治療業務,復健－職能治療業務,住院安寧療護,安寧居家療護(甲類),復健－語言治療業務,門診診療,住院診療,血液透析,兒童預防保健,成人預防保健,婦女子宮頸抹片檢查,孕婦產檢,分娩,精神病患者居家照護,義肢業務,兒童牙齒預防保健,婦女乳房檢查,精神科日間住院治療,腹膜透析業務,口腔黏膜檢查,定量免疫法糞便潛血檢查","家醫科,內科,外科,兒科,婦產科,骨科,神經外科,泌尿科,耳鼻喉科,眼科,皮膚科,神經科,精神科,復健科,整形外科,急診醫學科,牙科,齒顎矯正科,口腔顎面外科,中醫科,麻醉科,放射線科,病理科,核子醫學科",,星期一上午看診、星期二上午看診、星期三上午看診、星期四上午看診、星期五上午看診、星期六上午看診、星期日上午休診、星期一下午看診、星期二下午看診、星期三下午看診、星期四下午看診、星期五下午看診、星期六下午休診、星期日下午休診、星期一晚上看診、星期二晚上看診、星期三晚上看診、星期四晚上看診、星期五晚上看診、星期六晚上休診、星期日晚上休診,急診照常看診
1122010021,天主教中華聖母修女會醫療財團法人天主教聖馬爾定醫院,綜合醫院,05 -2756000,嘉義市東區大雅路二段565號,南區業務組,區域醫院,"安寧居家療護(乙類),復健－物理治療業務,復健－職能治療業務,住院安寧療護,安寧居家療護(甲類),復健－語言治療業務,門診診療,住院診療,血液透析,兒童預防保健,成人預防保健,婦女子宮頸抹片檢查,孕婦產檢,分娩,精神病患者居家照護,義肢業務,兒童牙齒預防保健,婦女乳房檢查,精神科日間住院治療,腹膜透析業務,口腔黏膜檢查,定量免疫法糞便潛血檢查","不分科,家醫科,內科,外科,兒科,婦產科,骨科,泌尿科,耳鼻喉科,眼科,皮膚科,神經科,精神科,復健科,急診醫學科,牙科,口腔顎面外科,中醫科,麻醉科,放射線科,病理科,核子醫學科",,星期一上午看診、星期二上午看診、星期三上午看診、星期四上午看診、星期五上午看診、星期六上午看診、星期日上午休診、星期一下午看診、星期二下午看診、星期三下午看診、星期四下午看診、星期五下午看診、星期六下午休診、星期日下午休診、星期一晚上看診、星期二晚上看診、星期三晚上看診、星期四晚上看診、星期五晚上看診、星期六晚上休診、星期日晚上休診,全年提供每日24小時急診服務
1131050515,佛教慈濟醫療財團法人台北慈濟醫院,綜合醫院,02 -66289779,新北市新店區建國路289號,臺北業務組,區域醫院,"復健－物理治療業務,復健－職能治療業務,住院安寧療護,安寧居家療護(甲類),復健－語言治療業務,門診診療,住院診療,血液透析,兒童預防保健,成人預防保健,婦女子宮頸抹片檢查,孕婦產檢,分娩,精神病患者居家照護,兒童牙齒預防保健,精神科日間住院治療,結核病,口腔黏膜檢查,定量免疫法糞便潛血檢查","不分科,家醫科,內科,外科,兒科,婦產科,骨科,神經外科,泌尿科,耳鼻喉科,眼科,皮膚科,神經科,精神科,復健科,整形外科,職業醫學科,急診醫學科,牙科,齒顎矯正科,口腔顎面外科,中醫科,麻醉科,放射線科,病理科,核子醫學科",,星期一上午看診、星期二上午看診、星期三上午看診、星期四上午看診、星期五上午看診、星期六上午看診、星期日上午休診、星期一下午看診、星期二下午看診、星期三下午看診、星期四下午看診、星期五下午看診、星期六下午休診、星期日下午休診、星期一晚上看診、星期二晚上看診、星期三晚上看診、星期四晚上看診、星期五晚上看診、星期六晚上休診、星期日晚上休診,提供急診24小時服務
1131090019,行天宮醫療志業醫療財團法人恩主公醫院,綜合醫院,02 -26723456,新北市三峽區復興路399號、中山路198號,臺北業務組,區域醫院,"復健－物理治療業務,復健－職能治療業務,復健－語言治療業務,門診診療,住院診療,血液透析,兒童預防保健,成人預防保健,婦女子宮頸抹片檢查,孕婦產檢,分娩,精神病患者居家照護,義肢業務,兒童牙齒預防保健,精神科日間住院治療,結核病,口腔黏膜檢查,定量免疫法糞便潛血檢查","家醫科,內科,外科,兒科,婦產科,骨科,神經外科,泌尿科,耳鼻喉科,眼科,皮膚科,神經科,精神科,復健科,職業醫學科,急診醫學科,牙科,中醫科,麻醉科,放射線科,病理科,核子醫學科",,星期一上午看診、星期二上午看診、星期三上午看診、星期四上午看診、星期五上午看診、星期六上午看診、星期日上午休診、星期一下午看診、星期二下午看診、星期三下午看診、星期四下午看診、星期五下午看診、星期六下午休診、星期日下午休診、星期一晚上看診、星期二晚上看診、星期三晚上看診、星期四晚上看診、星期五晚上看診、星期六晚上休診、星期日晚上休診,
1131110516,國泰醫療財團法人汐止國泰綜合醫院,綜合醫院,02 -26482121,新北市汐止區建成路59巷2號地下4樓至地上12樓,臺北業務組,區域醫院,"復健－物理治療業務,復健－職能治療業務,住院安寧療護,復健－語言治療業務,門診診療,住院診療,血液透析,兒童預防保健,成人預防保健,婦女子宮頸抹片檢查,孕婦產檢,分娩,精神病患者居家照護,義肢業務,兒童牙齒預防保健,精神科日間住院治療,結核病,口腔黏膜檢查,定量免疫法糞便潛血檢查","家醫科,內科,外科,兒科,婦產科,骨科,神經外科,泌尿科,耳鼻喉科,眼科,皮膚科,神經科,精神科,復健科,整形外科,急診醫學科,牙科,麻醉科,病理科,放射腫瘤科,放射診斷科",,星期一上午看診、星期二上午看診、星期三上午看診、星期四上午看診、星期五上午看診、星期六上午看診、星期日上午休診、星期一下午看診、星期二下午看診、星期三下午看診、星期四下午看診、星期五下午看診、星期六下午休診、星期日下午休診、星期一晚上看診、星期二晚上看診、星期三晚上看診、星期四晚上看診、星期五晚上看診、星期六晚上休診、星期日晚上休診,提供急診服務
1132010024,沙爾德聖保祿修女會醫療財團法人聖保祿醫院,綜合醫院,03 -3613141,桃園市桃園區建新街123號,北區業務組,區域醫院,"安寧居家療護(乙類),復健－物理治療業務,復健－職能治療業務,復健－聽力檢查業務,復健－語言治療業務,門診診療,住院診療,血液透析,兒童預防保健,成人預防保健,婦女子宮頸抹片檢查,孕婦產檢,分娩,精神病患者居家照護,兒童牙齒預防保健,婦女乳房檢查,精神科日間住院治療,腹膜透析業務,口腔黏膜檢查,定量免疫法糞便潛血檢查","家醫科,內科,外科,兒科,婦產科,骨科,神經外科,泌尿科,耳鼻喉科,神經科,精神科,復健科,整形外科,職業醫學科,急診醫學科,牙科,口腔顎面外科,麻醉科,核子醫學科,放射診斷科,解剖病理科",,星期一上午看診、星期二上午看診、星期三上午看診、星期四上午看診、星期五上午看診、星期六上午看診、星期日上午休診、星期一下午看診、星期二下午看診、星期三下午看診、星期四下午看診、星期五下午看診、星期六下午休診、星期日下午休診、星期一晚上看診、星期二晚上看診、星期三晚上看診、星期四晚上看診、星期五晚上看診、星期六晚上休診、星期日晚上休診,
1134020019,醫療財團法人羅許基金會羅東博愛醫院,綜合醫院,03 -9543131,宜蘭縣羅東鎮南昌街81、83號及站前南路61、63號,臺北業務組,區域醫院,"復健－物理治療業務,復健－職能治療業務,住院安寧療護,安寧居家療護(甲類),復健－語言治療業務,門診診療,住院診療,血液透析,兒童預防保健,成人預防保健,婦女子宮頸抹片檢查,孕婦產檢,分娩,精神病患者居家照護,兒童牙齒預防保健,婦女乳房檢查,精神科日間住院治療,結核病,口腔黏膜檢查,定量免疫法糞便潛血檢查","家醫科,內科,外科,兒科,婦產科,骨科,神經外科,泌尿科,耳鼻喉科,眼科,皮膚科,神經科,精神科,復健科,整形外科,職業醫學科,急診醫學科,牙科,齒顎矯正科,口腔顎面外科,麻醉科,核子醫學科,放射腫瘤科,放射診斷科,解剖病理科",,星期一上午看診、星期二上午看診、星期三上午看診、星期四上午看診、星期五上午看診、星期六上午看診、星期日上午休診、星期一下午看診、星期二下午看診、星期三下午看診、星期四下午看診、星期五下午看診、星期六下午休診、星期日下午休診、星期一晚上看診、星期二晚上看診、星期三晚上看診、星期四晚上看診、星期五晚上看診、星期六晚上休診、星期日晚上休診,106年10月10日雙十節，門診休診一日，急診24小時加強服務。
1135050020,財團法人為恭紀念醫院,綜合醫院,037-676811,351苗栗縣頭份市東庄里仁愛路116號,北區業務組,區域醫院,"復健－物理治療業務,復健－職能治療業務,住院安寧療護,復健－語言治療業務,門診診療,住院診療,血液透析,兒童預防保健,成人預防保健,婦女子宮頸抹片檢查,孕婦產檢,居家照護,分娩,精神病患者居家照護,兒童牙齒預防保健,婦女乳房檢查,精神科日間住院治療,腹膜透析業務,口腔黏膜檢查,定量免疫法糞便潛血檢查","家醫科,內科,外科,兒科,婦產科,骨科,神經外科,泌尿科,耳鼻喉科,神經科,精神科,復健科,職業醫學科,急診醫學科,牙科,中醫科,麻醉科,病理科,放射腫瘤科,放射診斷科",,星期一上午看診、星期二上午看診、星期三上午看診、星期四上午看診、星期五上午看診、星期六上午看診、星期日上午看診、星期一下午看診、星期二下午看診、星期三下午看診、星期四下午看診、星期五下午看診、星期六下午休診、星期日下午看診、星期一晚上看診、星期二晚上看診、星期三晚上看診、星期四晚上看診、星期五晚上看診、星期六晚上休診、星期日晚上休診,9月起牙科提供週日上午及下午門診服務；10/07上午及下午、10/10 (雙十節)早上及下午有提供血液透析服務
1136090519,佛教慈濟醫療財團法人台中慈濟醫院,綜合醫院,04 -36060666,台中市潭子區豐興路1段66、88號,中區業務組,區域醫院,"復健－物理治療業務,復健－職能治療業務,住院安寧療護,安寧居家療護(甲類),復健－語言治療業務,門診診療,住院診療,血液透析,兒童預防保健,成人預防保健,婦女子宮頸抹片檢查,孕婦產檢,分娩,精神病患者居家照護,婦女乳房檢查,腹膜透析業務,口腔黏膜檢查,定量免疫法糞便潛血檢查","不分科,家醫科,內科,外科,兒科,婦產科,骨科,神經外科,泌尿科,耳鼻喉科,眼科,神經科,精神科,復健科,整形外科,職業醫學科,急診醫學科,牙科,口腔顎面外科,中醫科,麻醉科,放射線科,病理科,核子醫學科,臨床病理科",,星期一上午看診、星期二上午看診、星期三上午看診、星期四上午看診、星期五上午看診、星期六上午看診、星期日上午休診、星期一下午看診、星期二下午看診、星期三下午看診、星期四下午看診、星期五下午看診、星期六下午休診、星期日下午休診、星期一晚上看診、星期二晚上看診、星期三晚上看診、星期四晚上看診、星期五晚上看診、星期六晚上休診、星期日晚上休診,"105年元旦門診正常、2/28和平紀念日、6/9端午節門診正常,10/4中秋節假日門診、10/10雙十節急診24小時提供服務"
1136200015,仁愛醫療財團法人大里仁愛醫院,綜合醫院,04 -24819900,台中市大里區東榮路483號,中區業務組,區域醫院,"復健－物理治療業務,復健－職能治療業務,安寧居家療護(甲類),復健－語言治療業務,門診診療,住院診療,血液透析,兒童預防保健,成人預防保健,婦女子宮頸抹片檢查,孕婦產檢,分娩,兒童牙齒預防保健,婦女乳房檢查,腹膜透析業務,口腔黏膜檢查,定量免疫法糞便潛血檢查","不分科,家醫科,內科,外科,兒科,婦產科,骨科,神經外科,泌尿科,耳鼻喉科,眼科,皮膚科,神經科,精神科,復健科,牙科,中醫科,麻醉科,放射線科,病理科,核子醫學科",,星期一上午看診、星期二上午看診、星期三上午看診、星期四上午看診、星期五上午看診、星期六上午看診、星期日上午休診、星期一下午看診、星期二下午看診、星期三下午看診、星期四下午看診、星期五下午看診、星期六下午休診、星期日下午休診、星期一晚上看診、星期二晚上看診、星期三晚上看診、星期四晚上看診、星期五晚上看診、星期六晚上休診、星期日晚上休診,星期一至星期日提供24小時急診服務。
1137020511,秀傳醫療財團法人彰濱秀傳紀念醫院,綜合醫院,04 -7813888,彰化縣鹿港鎮鹿工路6號、6－2號,中區業務組,區域醫院,"復健－物理治療業務,復健－職能治療業務,復健－語言治療業務,門診診療,住院診療,血液透析,兒童預防保健,成人預防保健,婦女子宮頸抹片檢查,孕婦產檢,分娩,精神病患者居家照護,兒童牙齒預防保健,婦女乳房檢查,精神科日間住院治療,腹膜透析業務,口腔黏膜檢查,定量免疫法糞便潛血檢查","家醫科,內科,外科,兒科,婦產科,骨科,神經外科,泌尿科,耳鼻喉科,眼科,皮膚科,神經科,精神科,復健科,整形外科,急診醫學科,牙科,齒顎矯正科,中醫科,麻醉科,放射線科,病理科,核子醫學科",,星期一上午看診、星期二上午看診、星期三上午看診、星期四上午看診、星期五上午看診、星期六上午看診、星期日上午休診、星期一下午看診、星期二下午看診、星期三下午看診、星期四下午看診、星期五下午看診、星期六下午休診、星期日下午休診、星期一晚上看診、星期二晚上看診、星期三晚上看診、星期四晚上看診、星期五晚上看診、星期六晚上休診、星期日晚上休診,"星期一至星期日提供24小時急診服務,春節初一至初四上午部份科別看診,下午晚間休診."
1138020015,埔基醫療財團法人埔里基督教醫院,綜合醫院,049-2912151,南投縣埔里鎮愛蘭里鐵山路1號,中區業務組,區域醫院,"復健－物理治療業務,復健－職能治療業務,安寧居家療護(甲類),復健－語言治療業務,門診診療,住院診療,血液透析,兒童預防保健,成人預防保健,婦女子宮頸抹片檢查,孕婦產檢,分娩,兒童牙齒預防保健,婦女乳房檢查,腹膜透析業務,口腔黏膜檢查,定量免疫法糞便潛血檢查","家醫科,內科,外科,兒科,婦產科,骨科,神經外科,泌尿科,耳鼻喉科,眼科,皮膚科,神經科,精神科,復健科,整形外科,急診醫學科,牙科,中醫科,麻醉科,病理科,放射腫瘤科,放射診斷科",,星期一上午看診、星期二上午看診、星期三上午看診、星期四上午看診、星期五上午看診、星期六上午看診、星期日上午看診、星期一下午看診、星期二下午看診、星期三下午看診、星期四下午看診、星期五下午看診、星期六下午看診、星期日下午看診、星期一晚上看診、星期二晚上看診、星期三晚上看診、星期四晚上看診、星期五晚上看診、星期六晚上看診、星期日晚上看診,星期一至星期日提供24小時急診服務(過年期間不休診)
1139030015,天主教若瑟醫療財團法人若瑟醫院,綜合醫院,05 -6337333,雲林縣虎尾鎮新生路74號,南區業務組,區域醫院,"安寧居家療護(乙類),復健－物理治療業務,復健－職能治療業務,復健－語言治療業務,門診診療,住院診療,血液透析,兒童預防保健,成人預防保健,婦女子宮頸抹片檢查,孕婦產檢,分娩,精神病患者居家照護,兒童牙齒預防保健,婦女乳房檢查,口腔黏膜檢查,定量免疫法糞便潛血檢查","不分科,家醫科,內科,外科,兒科,婦產科,骨科,神經外科,泌尿科,眼科,神經科,精神科,復健科,急診醫學科,牙科,中醫科,麻醉科,放射線科,病理科",,星期一上午看診、星期二上午看診、星期三上午看診、星期四上午看診、星期五上午看診、星期六上午看診、星期日上午休診、星期一下午看診、星期二下午看診、星期三下午看診、星期四下午看診、星期五下午看診、星期六下午休診、星期日下午休診、星期一晚上看診、星期二晚上看診、星期三晚上看診、星期四晚上看診、星期五晚上看診、星期六晚上休診、星期日晚上休診,急診24小時服務
1139040011,彰化基督教醫療財團法人雲林基督教醫院,綜合醫院,05 -5871111,雲林縣西螺鎮新豐里市場南路371、375號,南區業務組,區域醫院,"復健－物理治療業務,復健－職能治療業務,復健－語言治療業務,門診診療,住院診療,血液透析,兒童預防保健,成人預防保健,婦女子宮頸抹片檢查,孕婦產檢,分娩,婦女乳房檢查,腹膜透析業務,口腔黏膜檢查,定量免疫法糞便潛血檢查","家醫科,內科,外科,兒科,婦產科,骨科,神經外科,泌尿科,耳鼻喉科,眼科,神經科,復健科,急診醫學科,牙科,麻醉科,放射線科,病理科,放射腫瘤科",,星期一上午看診、星期二上午看診、星期三上午看診、星期四上午看診、星期五上午看診、星期六上午看診、星期日上午休診、星期一下午看診、星期二下午看診、星期三下午看診、星期四下午看診、星期五下午看診、星期六下午休診、星期日下午休診、星期一晚上休診、星期二晚上休診、星期三晚上休診、星期四晚上休診、星期五晚上休診、星期六晚上休診、星期日晚上休診,24小時提供急診服務
1140010510,長庚醫療財團法人嘉義長庚紀念醫院,綜合醫院,05 -3621000,嘉義縣朴子市仁和里嘉朴路西段6號、8號,南區業務組,區域醫院,"復健－物理治療業務,復健－職能治療業務,住院安寧療護,復健－語言治療業務,門診診療,住院診療,血液透析,兒童預防保健,成人預防保健,婦女子宮頸抹片檢查,孕婦產檢,分娩,精神病患者居家照護,義肢業務,兒童牙齒預防保健,婦女乳房檢查,精神科日間住院治療,腹膜透析業務,口腔黏膜檢查,定量免疫法糞便潛血檢查","不分科,家醫科,內科,外科,兒科,婦產科,骨科,神經外科,泌尿科,耳鼻喉科,眼科,皮膚科,神經科,精神科,復健科,整形外科,職業醫學科,急診醫學科,牙科,齒顎矯正科,口腔顎面外科,中醫科,麻醉科,放射線科,病理科,核子醫學科,放射腫瘤科",,星期一上午看診、星期二上午看診、星期三上午看診、星期四上午看診、星期五上午看診、星期六上午看診、星期日上午休診、星期一下午看診、星期二下午看診、星期三下午看診、星期四下午看診、星期五下午看診、星期六下午休診、星期日下午休診、星期一晚上看診、星期二晚上看診、星期三晚上看診、星期四晚上看診、星期五晚上看診、星期六晚上休診、星期日晚上休診,本院提供24小時急診服務。
1140030012,佛教慈濟醫療財團法人大林慈濟醫院,綜合醫院,05 -2648000,嘉義縣大林鎮平林里民生路2號,南區業務組,區域醫院,"復健－物理治療業務,復健－職能治療業務,住院安寧療護,安寧居家療護(甲類),復健－語言治療業務,門診診療,住院診療,血液透析,兒童預防保健,成人預防保健,婦女子宮頸抹片檢查,孕婦產檢,分娩,精神病患者居家照護,義肢業務,兒童牙齒預防保健,婦女乳房檢查,精神科日間住院治療,腹膜透析業務,口腔黏膜檢查,定量免疫法糞便潛血檢查","家醫科,內科,外科,兒科,婦產科,骨科,神經外科,泌尿科,耳鼻喉科,眼科,皮膚科,神經科,精神科,復健科,整形外科,職業醫學科,急診醫學科,牙科,口腔顎面外科,中醫科,麻醉科,放射線科,病理科,核子醫學科",,星期一上午看診、星期二上午看診、星期三上午看診、星期四上午看診、星期五上午看診、星期六上午看診、星期日上午休診、星期一下午看診、星期二下午看診、星期三下午看診、星期四下午看診、星期五下午看診、星期六下午休診、星期日下午休診、星期一晚上看診、星期二晚上看診、星期三晚上看診、星期四晚上看診、星期五晚上看診、星期六晚上休診、星期日晚上休診,
1141090512,奇美醫療財團法人柳營奇美醫院,綜合醫院,06 -6226999,臺南市柳營區太康里201號,南區業務組,區域醫院,"復健－物理治療業務,復健－職能治療業務,住院安寧療護,安寧居家療護(甲類),復健－語言治療業務,門診診療,住院診療,血液透析,兒童預防保健,成人預防保健,婦女子宮頸抹片檢查,孕婦產檢,分娩,精神病患者居家照護,義肢業務,兒童牙齒預防保健,婦女乳房檢查,精神科日間住院治療,腹膜透析業務,口腔黏膜檢查,定量免疫法糞便潛血檢查","家醫科,內科,外科,兒科,婦產科,骨科,神經外科,泌尿科,耳鼻喉科,眼科,神經科,精神科,復健科,整形外科,職業醫學科,急診醫學科,牙科,口腔顎面外科,中醫科,麻醉科,核子醫學科,放射腫瘤科,放射診斷科,解剖病理科,臨床病理科",,星期一上午看診、星期二上午看診、星期三上午看診、星期四上午看診、星期五上午看診、星期六上午看診、星期日上午休診、星期一下午休診、星期二下午看診、星期三下午看診、星期四下午看診、星期五下午看診、星期六下午休診、星期日下午休診、星期一晚上休診、星期二晚上休診、星期三晚上看診、星期四晚上看診、星期五晚上看診、星期六晚上休診、星期日晚上休診,10/4中秋節門診全日休診；10/10國慶日門診全日休診；急診全年24小時服務。
1142120001,義大醫療財團法人義大醫院,綜合醫院,07 -6150011,高雄市燕巢區角宿里義大路1號,高屏業務組,區域醫院,"復健－物理治療業務,復健－職能治療業務,復健－語言治療業務,門診診療,住院診療,血液透析,兒童預防保健,成人預防保健,婦女子宮頸抹片檢查,孕婦產檢,分娩,精神病患者居家照護,義肢業務,兒童牙齒預防保健,婦女乳房檢查,精神科日間住院治療,腹膜透析業務,口腔黏膜檢查,定量免疫法糞便潛血檢查","不分科,家醫科,內科,外科,兒科,婦產科,骨科,神經外科,泌尿科,耳鼻喉科,眼科,皮膚科,神經科,精神科,復健科,整形外科,職業醫學科,急診醫學科,牙科,齒顎矯正科,口腔顎面外科,中醫科,麻醉科,病理科,核子醫學科,放射腫瘤科,放射診斷科,臨床病理科",,星期一上午看診、星期二上午看診、星期三上午看診、星期四上午看診、星期五上午看診、星期六上午看診、星期日上午休診、星期一下午看診、星期二下午看診、星期三下午看診、星期四下午看診、星期五下午看診、星期六下午休診、星期日下午休診、星期一晚上看診、星期二晚上看診、星期三晚上看診、星期四晚上看診、星期五晚上看診、星期六晚上休診、星期日晚上休診,夜診僅婦、中醫、牙科;急診24小時
1143010012,屏基醫療財團法人屏東基督教醫院,綜合醫院,08 -7368686,屏東縣屏東市華山里大連路60號,高屏業務組,區域醫院,"復健－物理治療業務,復健－職能治療業務,住院安寧療護,復健－語言治療業務,門診診療,住院診療,血液透析,兒童預防保健,成人預防保健,婦女子宮頸抹片檢查,孕婦產檢,分娩,精神病患者居家照護,義肢業務,兒童牙齒預防保健,婦女乳房檢查,精神科日間住院治療,腹膜透析業務,口腔黏膜檢查,定量免疫法糞便潛血檢查","家醫科,內科,外科,兒科,婦產科,骨科,神經外科,泌尿科,耳鼻喉科,眼科,皮膚科,神經科,精神科,復健科,整形外科,急診醫學科,牙科,中醫科,麻醉科,核子醫學科,放射腫瘤科,放射診斷科,解剖病理科",,星期一上午看診、星期二上午看診、星期三上午看診、星期四上午看診、星期五上午看診、星期六上午休診、星期日上午休診、星期一下午看診、星期二下午看診、星期三下午看診、星期四下午看診、星期五下午看診、星期六下午休診、星期日下午休診、星期一晚上看診、星期二晚上看診、星期三晚上看診、星期四晚上看診、星期五晚上看診、星期六晚上休診、星期日晚上休診,本院急診全年為24小時全時段看診
1145010038,臺灣基督教門諾會醫療財團法人門諾醫院,綜合醫院,03 -8241234,花蓮市民權路44號,東區業務組,區域醫院,"復健－物理治療業務,復健－職能治療業務,復健－聽力語言治療業務,住院安寧療護,安寧居家療護(甲類),門診診療,住院診療,血液透析,兒童預防保健,成人預防保健,婦女子宮頸抹片檢查,孕婦產檢,分娩,精神病患者居家照護,義肢業務,兒童牙齒預防保健,婦女乳房檢查,腹膜透析業務,口腔黏膜檢查,定量免疫法糞便潛血檢查","家醫科,內科,外科,兒科,婦產科,骨科,神經外科,泌尿科,耳鼻喉科,眼科,皮膚科,神經科,精神科,復健科,整形外科,急診醫學科,牙科,口腔顎面外科,麻醉科,放射線科,病理科,核子醫學科,放射腫瘤科",,星期一上午看診、星期二上午看診、星期三上午看診、星期四上午看診、星期五上午看診、星期六上午看診、星期日上午休診、星期一下午看診、星期二下午看診、星期三下午看診、星期四下午看診、星期五下午看診、星期六下午休診、星期日下午休診、星期一晚上看診、星期二晚上休診、星期三晚上看診、星期四晚上休診、星期五晚上休診、星期六晚上休診、星期日晚上休診,本院急診24小時服務
1339060017,中國醫藥大學北港附設醫院,綜合醫院,05 -7837901,雲林縣北港鎮新街里新德路123號,南區業務組,區域醫院,"復健－物理治療業務,復健－職能治療業務,復健－語言治療業務,門診診療,住院診療,血液透析,兒童預防保健,成人預防保健,婦女子宮頸抹片檢查,孕婦產檢,分娩,義肢業務,兒童牙齒預防保健,婦女乳房檢查,腹膜透析業務,口腔黏膜檢查,定量免疫法糞便潛血檢查","家醫科,內科,外科,兒科,婦產科,骨科,神經外科,泌尿科,耳鼻喉科,眼科,神經科,精神科,復健科,急診醫學科,牙科,中醫科,麻醉科,放射線科,病理科,核子醫學科,放射腫瘤科",,星期一上午看診、星期二上午看診、星期三上午看診、星期四上午看診、星期五上午看診、星期六上午看診、星期日上午休診、星期一下午看診、星期二下午看診、星期三下午看診、星期四下午看診、星期五下午看診、星期六下午休診、星期日下午休診、星期一晚上看診、星期二晚上看診、星期三晚上看診、星期四晚上看診、星期五晚上看診、星期六晚上休診、星期日晚上休診,"急診24小時不打烊,門診時間:上午8:30看診  下午2:00看診  晚上6:30看診"
1343030018,輔英科技大學附設醫院,綜合醫院,08 -8323146,屏東縣東港鎮興台里中山路5號,高屏業務組,區域醫院,"復健－物理治療業務,復健－職能治療業務,復健－語言治療業務,門診診療,住院診療,血液透析,兒童預防保健,成人預防保健,婦女子宮頸抹片檢查,孕婦產檢,分娩,精神病患者居家照護,兒童牙齒預防保健,婦女乳房檢查,精神科日間住院治療,腹膜透析業務,口腔黏膜檢查,定量免疫法糞便潛血檢查","家醫科,內科,外科,兒科,婦產科,骨科,神經外科,泌尿科,耳鼻喉科,眼科,皮膚科,神經科,精神科,復健科,整形外科,急診醫學科,牙科,麻醉科,放射診斷科,解剖病理科",,星期一上午看診、星期二上午看診、星期三上午看診、星期四上午看診、星期五上午看診、星期六上午看診、星期日上午看診、星期一下午看診、星期二下午看診、星期三下午看診、星期四下午看診、星期五下午看診、星期六下午看診、星期日下午休診、星期一晚上看診、星期二晚上看診、星期三晚上看診、星期四晚上看診、星期五晚上看診、星期六晚上休診、星期日晚上休診,星期日晚上兒科只開一診(急診收費)
1434020015,財團法人羅許基金會羅東博愛醫院,綜合醫院,   -,,臺北業務組,區域醫院,,,2016/02/29,,
1442060014,財團法人台灣省私立高雄仁愛之家附設慈惠醫院,精神科醫院,07 -7030315,高雄市大寮區後庄里鳳屏一路509號,高屏業務組,區域醫院,"門診診療,住院診療,成人預防保健,精神病患者居家照護,精神科日間住院治療",精神科,,星期一上午看診、星期二上午看診、星期三上午看診、星期四上午看診、星期五上午看診、星期六上午看診、星期日上午休診、星期一下午看診、星期二下午看診、星期三下午看診、星期四下午看診、星期五下午看診、星期六下午休診、星期日下午休診、星期一晚上休診、星期二晚上休診、星期三晚上休診、星期四晚上休診、星期五晚上休診、星期六晚上休診、星期日晚上休診,"本院提供24小時急診服務,2/28,4/3,4/4,5/1上午1診"
1517011112,澄清綜合醫院,綜合醫院,04 -24632000,台中市中區平等街139號,中區業務組,區域醫院,"復健－物理治療業務,復健－職能治療業務,復健－語言治療業務,門診診療,住院診療,血液透析,兒童預防保健,成人預防保健,婦女子宮頸抹片檢查,孕婦產檢,分娩,兒童牙齒預防保健,婦女乳房檢查,精神科日間住院治療,口腔黏膜檢查","家醫科,內科,外科,兒科,婦產科,骨科,神經外科,泌尿科,耳鼻喉科,眼科,皮膚科,神經科,復健科,整形外科,急診醫學科,牙科,麻醉科,放射線科,病理科",,星期一上午看診、星期二上午看診、星期三上午看診、星期四上午看診、星期五上午看診、星期六上午看診、星期日上午休診、星期一下午看診、星期二下午看診、星期三下午看診、星期四下午看診、星期五下午看診、星期六下午休診、星期日下午休診、星期一晚上看診、星期二晚上看診、星期三晚上看診、星期四晚上看診、星期五晚上看診、星期六晚上休診、星期日晚上休診,提供24小時急診服務
1517061032,澄清綜合醫院中港分院,綜合醫院,04 -24632000,台中市西屯區臺灣大道4段966號,中區業務組,區域醫院,"復健－物理治療業務,復健－職能治療業務,住院安寧療護,安寧居家療護(甲類),復健－語言治療業務,門診診療,住院診療,血液透析,兒童預防保健,成人預防保健,婦女子宮頸抹片檢查,孕婦產檢,分娩,精神病患者居家照護,義肢業務,兒童牙齒預防保健,婦女乳房檢查,精神科日間住院治療,腹膜透析業務,口腔黏膜檢查,定量免疫法糞便潛血檢查","不分科,家醫科,內科,外科,兒科,婦產科,骨科,神經外科,泌尿科,耳鼻喉科,眼科,皮膚科,神經科,精神科,復健科,整形外科,急診醫學科,牙科,麻醉科,放射線科,病理科,核子醫學科",,星期一上午看診、星期二上午看診、星期三上午看診、星期四上午看診、星期五上午看診、星期六上午看診、星期日上午休診、星期一下午看診、星期二下午看診、星期三下午看診、星期四下午看診、星期五下午看診、星期六下午休診、星期日下午休診、星期一晚上看診、星期二晚上看診、星期三晚上看診、星期四晚上看診、星期五晚上看診、星期六晚上休診、星期日晚上休診,本院急診提供全年全天候看診服務
1521031104,郭綜合醫院,綜合醫院,06 -2221111,台南市民生路二段18．20．22．23．24．25．27號,南區業務組,區域醫院,"復健－物理治療業務,復健－職能治療業務,安寧居家療護(甲類),復健－語言治療業務,門診診療,住院診療,血液透析,兒童預防保健,成人預防保健,婦女子宮頸抹片檢查,孕婦產檢,分娩,婦女乳房檢查,腹膜透析業務,口腔黏膜檢查,定量免疫法糞便潛血檢查","家醫科,內科,外科,兒科,婦產科,骨科,泌尿科,耳鼻喉科,眼科,皮膚科,神經科,精神科,復健科,整形外科,職業醫學科,急診醫學科,中醫科,麻醉科,放射線科,病理科",,星期一上午看診、星期二上午看診、星期三上午看診、星期四上午看診、星期五上午看診、星期六上午看診、星期日上午休診、星期一下午看診、星期二下午看診、星期三下午看診、星期四下午看診、星期五下午看診、星期六下午休診、星期日下午休診、星期一晚上看診、星期二晚上看診、星期三晚上看診、星期四晚上看診、星期五晚上看診、星期六晚上休診、星期日晚上休診,本院全年24小時急診服務，10/9全天門診，10/4中秋節、10/10國慶日全日停診
1532011154,敏盛綜合醫院,綜合醫院,03 -3179599,桃園市桃園區經國路168號、三民路三段106號,北區業務組,區域醫院,"復健－物理治療業務,復健－職能治療業務,安寧居家療護(甲類),復健－語言治療業務,門診診療,住院診療,血液透析,兒童預防保健,成人預防保健,婦女子宮頸抹片檢查,孕婦產檢,分娩,兒童牙齒預防保健,腹膜透析業務,口腔黏膜檢查,定量免疫法糞便潛血檢查","家醫科,內科,外科,兒科,婦產科,骨科,神經外科,泌尿科,耳鼻喉科,眼科,皮膚科,神經科,精神科,復健科,整形外科,職業醫學科,急診醫學科,牙科,麻醉科,核子醫學科,放射腫瘤科,放射診斷科,解剖病理科",,星期一上午看診、星期二上午看診、星期三上午看診、星期四上午看診、星期五上午看診、星期六上午看診、星期日上午休診、星期一下午看診、星期二下午看診、星期三下午看診、星期四下午看診、星期五下午看診、星期六下午休診、星期日下午休診、星期一晚上看診、星期二晚上看診、星期三晚上看診、星期四晚上看診、星期五晚上看診、星期六晚上休診、星期日晚上休診,"星期一~星期五提供整天門診,星期六提供半天門診,10/4中秋節提供半天門診,急診24小時提供服務"
1532100049,壢新醫院,綜合醫院,03 -4941234,桃園市平鎮區廣泰路77號、延平路二段430巷115號,北區業務組,區域醫院,"復健－物理治療業務,復健－職能治療業務,復健－聽力檢查業務,復健－語言治療業務,門診診療,住院診療,血液透析,兒童預防保健,成人預防保健,婦女子宮頸抹片檢查,孕婦產檢,居家照護,分娩,兒童牙齒預防保健,婦女乳房檢查,腹膜透析業務,口腔黏膜檢查,定量免疫法糞便潛血檢查","家醫科,內科,外科,兒科,婦產科,骨科,神經外科,泌尿科,耳鼻喉科,眼科,皮膚科,神經科,精神科,復健科,整形外科,職業醫學科,急診醫學科,牙科,口腔顎面外科,中醫科,麻醉科,放射線科,病理科,核子醫學科",,星期一上午看診、星期二上午看診、星期三上午看診、星期四上午看診、星期五上午看診、星期六上午看診、星期日上午休診、星期一下午看診、星期二下午看診、星期三下午看診、星期四下午看診、星期五下午看診、星期六下午休診、星期日下午休診、星期一晚上看診、星期二晚上看診、星期三晚上看診、星期四晚上看診、星期五晚上看診、星期六晚上休診、星期日晚上休診,106年雙十連續假期急診如常看診，門診及夜診開診科別依本院實際公告為準。
1533050039,東元綜合醫院,綜合醫院,03 -5527000,新竹縣竹北市縣政二路69號,北區業務組,區域醫院,"安寧居家療護(乙類),復健－物理治療業務,復健－職能治療業務,復健－聽力檢查業務,復健－語言治療業務,門診診療,住院診療,血液透析,兒童預防保健,成人預防保健,婦女子宮頸抹片檢查,孕婦產檢,分娩,精神病患者居家照護,兒童牙齒預防保健,婦女乳房檢查,精神科日間住院治療,腹膜透析業務,口腔黏膜檢查,定量免疫法糞便潛血檢查","家醫科,內科,外科,兒科,婦產科,骨科,神經外科,泌尿科,耳鼻喉科,神經科,精神科,復健科,急診醫學科,牙科,口腔顎面外科,麻醉科,放射線科,病理科",,星期一上午看診、星期二上午看診、星期三上午看診、星期四上午看診、星期五上午看診、星期六上午看診、星期日上午看診、星期一下午看診、星期二下午看診、星期三下午看診、星期四下午看診、星期五下午看診、星期六下午看診、星期日下午看診、星期一晚上看診、星期二晚上看診、星期三晚上看診、星期四晚上看診、星期五晚上看診、星期六晚上看診、星期日晚上看診,急診服務為全天24小時看診。
1543010109,國仁醫院,綜合醫院,08 -7223000,屏東縣屏東市民生東路12–2號,高屏業務組,區域醫院,"復健－物理治療業務,復健－職能治療業務,門診診療,住院診療,血液透析,兒童預防保健,成人預防保健,婦女子宮頸抹片檢查,孕婦產檢,義肢業務,兒童牙齒預防保健,婦女乳房檢查,口腔黏膜檢查,定量免疫法糞便潛血檢查","家醫科,內科,外科,婦產科,骨科,泌尿科,急診醫學科,麻醉科,放射診斷科,解剖病理科",,星期一上午看診、星期二上午看診、星期三上午看診、星期四上午看診、星期五上午看診、星期六上午看診、星期日上午看診、星期一下午看診、星期二下午看診、星期三下午看診、星期四下午看診、星期五下午看診、星期六下午休診、星期日下午休診、星期一晚上看診、星期二晚上看診、星期三晚上看診、星期四晚上看診、星期五晚上看診、星期六晚上休診、星期日晚上休診,本院急診全年為24小時全時段看診。
